user_id,baseline_average,early_behavior,late_behavior,shift_ratio,trend_slope,shift_status,anomaly_count,ml_score,shift_score,trend_score,risk_score,risk_level,context_status,context_reason,high_sequence_count,sequence_score,raw_score,final_risk_score,final_risk_level,explanation
U0001,5.533333333333333,14.0,11.2,2.0240963855421685,-0.0425989672977624,LOW SHIFT,2.0,10,20,0,30,LOW,LEGITIMATE_CHANGE,New project assignment recorded in synthetic context,2.0,10,40,20,LOW,2 anomalous event(s) detected | File activity increased 2.0x above baseline | 2 high-risk activity sequence(s) | Legitimate context: New project assignment recorded in synthetic context
U0002,4.733333333333333,14.6,13.2,2.788732394366197,0.0143360160965796,MEDIUM SHIFT,9.0,30,20,5,55,MEDIUM,LEGITIMATE_CHANGE,New project assignment recorded in synthetic context,1.0,10,65,32,LOW,9 anomalous events detected | File activity increased 2.8x above baseline | Gradual behavioral change detected | 1 high-risk activity sequence(s) | Legitimate context: New project assignment recorded in synthetic context
U0003,4.4,13.0,14.8,3.363636363636364,0.0519480519480519,HIGH SHIFT,12.0,30,20,5,55,MEDIUM,LEGITIMATE_CHANGE,New project assignment recorded in synthetic context,5.0,20,75,38,LOW,12 anomalous events detected | File activity increased 3.4x above baseline | Gradual behavioral change detected | 5 high-risk activity sequence(s) | Legitimate context: New project assignment recorded in synthetic context
U0004,5.466666666666667,16.2,14.4,2.6341463414634148,-0.0169860627177698,LOW SHIFT,8.0,30,20,0,50,MEDIUM,LEGITIMATE_CHANGE,New project assignment recorded in synthetic context,4.0,15,65,32,LOW,8 anomalous events detected | File activity increased 2.6x above baseline | 4 high-risk activity sequence(s) | Legitimate context: New project assignment recorded in synthetic context
U0005,5.266666666666667,16.4,19.6,3.721518987341773,0.0311934900542493,HIGH SHIFT,2.0,10,20,5,35,LOW,LEGITIMATE_CHANGE,New project assignment recorded in synthetic context,5.0,20,55,28,LOW,2 anomalous event(s) detected | File activity increased 3.7x above baseline | Gradual behavioral change detected | 5 high-risk activity sequence(s) | Legitimate context: New project assignment recorded in synthetic context
U0006,5.066666666666666,11.6,17.4,3.4342105263157894,0.1409774436090226,HIGH SHIFT,2.0,10,20,5,35,LOW,LEGITIMATE_CHANGE,New project assignment recorded in synthetic context,2.0,10,45,22,LOW,2 anomalous event(s) detected | File activity increased 3.4x above baseline | Gradual behavioral change detected | 2 high-risk activity sequence(s) | Legitimate context: New project assignment recorded in synthetic context
U0007,3.933333333333333,11.8,19.0,4.830508474576272,0.1289346246973365,HIGH SHIFT,15.0,30,20,5,55,MEDIUM,LEGITIMATE_CHANGE,New project assignment recorded in synthetic context,6.0,20,75,38,LOW,15 anomalous events detected | File activity increased 4.8x above baseline | Gradual behavioral change detected | 6 high-risk activity sequence(s) | Legitimate context: New project assignment recorded in synthetic context
U0008,5.533333333333333,18.0,15.6,2.819277108433735,-0.0283993115318416,LOW SHIFT,8.0,30,20,0,50,MEDIUM,LEGITIMATE_CHANGE,New project assignment recorded in synthetic context,3.0,15,65,32,LOW,8 anomalous events detected | File activity increased 2.8x above baseline | 3 high-risk activity sequence(s) | Legitimate context: New project assignment recorded in synthetic context
U0009,6.466666666666667,19.0,14.8,2.288659793814433,-0.0254050073637703,LOW SHIFT,9.0,30,20,0,50,MEDIUM,LEGITIMATE_CHANGE,New project assignment recorded in synthetic context,3.0,15,65,32,LOW,9 anomalous events detected | File activity increased 2.3x above baseline | 3 high-risk activity sequence(s) | Legitimate context: New project assignment recorded in synthetic context
U0010,5.6,18.6,15.0,2.678571428571429,-0.0567602040816326,LOW SHIFT,12.0,30,20,0,50,MEDIUM,LEGITIMATE_CHANGE,New project assignment recorded in synthetic context,3.0,15,65,32,LOW,12 anomalous events detected | File activity increased 2.7x above baseline | 3 high-risk activity sequence(s) | Legitimate context: New project assignment recorded in synthetic context
U0011,6.6,15.2,14.2,2.1515151515151514,0.0032467532467532,LOW SHIFT,4.0,10,20,5,35,LOW,LEGITIMATE_CHANGE,New project assignment recorded in synthetic context,3.0,15,50,25,LOW,4 anomalous event(s) detected | File activity increased 2.2x above baseline | Gradual behavioral change detected | 3 high-risk activity sequence(s) | Legitimate context: New project assignment recorded in synthetic context
U0012,7.133333333333334,16.4,16.4,2.299065420560748,-0.0135180240320426,LOW SHIFT,2.0,10,20,0,30,LOW,LEGITIMATE_CHANGE,New project assignment recorded in synthetic context,4.0,15,45,22,LOW,2 anomalous event(s) detected | File activity increased 2.3x above baseline | 4 high-risk activity sequence(s) | Legitimate context: New project assignment recorded in synthetic context
U0013,6.466666666666667,15.0,11.6,1.7938144329896906,-0.0463917525773194,LOW SHIFT,9.0,30,10,0,40,MEDIUM,LEGITIMATE_CHANGE,New project assignment recorded in synthetic context,4.0,15,55,28,LOW,9 anomalous events detected | 4 high-risk activity sequence(s) | Legitimate context: New project assignment recorded in synthetic context
U0014,5.066666666666666,17.4,16.2,3.1973684210526314,-0.0070488721804511,LOW SHIFT,13.0,30,20,0,50,MEDIUM,LEGITIMATE_CHANGE,New project assignment recorded in synthetic context,4.0,15,65,32,LOW,13 anomalous events detected | File activity increased 3.2x above baseline | 4 high-risk activity sequence(s) | Legitimate context: New project assignment recorded in synthetic context
U0015,7.066666666666666,17.4,17.0,2.405660377358491,0.0111185983827493,MEDIUM SHIFT,2.0,10,20,5,35,LOW,LEGITIMATE_CHANGE,New project assignment recorded in synthetic context,2.0,10,45,22,LOW,2 anomalous event(s) detected | File activity increased 2.4x above baseline | Gradual behavioral change detected | 2 high-risk activity sequence(s) | Legitimate context: New project assignment recorded in synthetic context
U0016,4.066666666666666,12.6,11.4,2.8032786885245904,-0.0316159250585477,LOW SHIFT,12.0,30,20,0,50,MEDIUM,LEGITIMATE_CHANGE,New project assignment recorded in synthetic context,3.0,15,65,32,LOW,12 anomalous events detected | File activity increased 2.8x above baseline | 3 high-risk activity sequence(s) | Legitimate context: New project assignment recorded in synthetic context
U0017,5.466666666666667,13.8,15.2,2.7804878048780486,0.0398519163763066,MEDIUM SHIFT,11.0,30,20,5,55,MEDIUM,LEGITIMATE_CHANGE,New project assignment recorded in synthetic context,4.0,15,70,35,LOW,11 anomalous events detected | File activity increased 2.8x above baseline | Gradual behavioral change detected | 4 high-risk activity sequence(s) | Legitimate context: New project assignment recorded in synthetic context
U0018,6.066666666666666,11.8,17.8,2.9340659340659343,0.0753532182103611,MEDIUM SHIFT,6.0,20,20,5,45,MEDIUM,LEGITIMATE_CHANGE,New project assignment recorded in synthetic context,2.0,10,55,28,LOW,6 anomalous events detected | File activity increased 2.9x above baseline | Gradual behavioral change detected | 2 high-risk activity sequence(s) | Legitimate context: New project assignment recorded in synthetic context
U0019,5.066666666666666,14.8,11.2,2.210526315789473,-0.0486372180451127,LOW SHIFT,8.0,30,20,0,50,MEDIUM,LEGITIMATE_CHANGE,New project assignment recorded in synthetic context,5.0,20,70,35,LOW,8 anomalous events detected | File activity increased 2.2x above baseline | 5 high-risk activity sequence(s) | Legitimate context: New project assignment recorded in synthetic context
U0020,6.4,15.6,10.0,1.5625,-0.0636160714285712,LOW SHIFT,8.0,30,10,0,40,MEDIUM,LEGITIMATE_CHANGE,New project assignment recorded in synthetic context,4.0,15,55,28,LOW,8 anomalous events detected | 4 high-risk activity sequence(s) | Legitimate context: New project assignment recorded in synthetic context
U0021,5.133333333333334,19.2,12.4,2.415584415584416,-0.1377551020408161,LOW SHIFT,12.0,30,20,0,50,MEDIUM,LEGITIMATE_CHANGE,New project assignment recorded in synthetic context,2.0,10,60,30,LOW,12 anomalous events detected | File activity increased 2.4x above baseline | 2 high-risk activity sequence(s) | Legitimate context: New project assignment recorded in synthetic context
U0022,5.133333333333334,19.6,16.0,3.1168831168831166,-0.0215677179962894,LOW SHIFT,8.0,30,20,0,50,MEDIUM,LEGITIMATE_CHANGE,New project assignment recorded in synthetic context,6.0,20,70,35,LOW,8 anomalous events detected | File activity increased 3.1x above baseline | 6 high-risk activity sequence(s) | Legitimate context: New project assignment recorded in synthetic context
U0023,5.333333333333333,21.4,13.8,2.5875000000000004,-0.1011160714285712,LOW SHIFT,10.0,30,20,0,50,MEDIUM,LEGITIMATE_CHANGE,New project assignment recorded in synthetic context,2.0,10,60,30,LOW,10 anomalous events detected | File activity increased 2.6x above baseline | 2 high-risk activity sequence(s) | Legitimate context: New project assignment recorded in synthetic context
U0024,5.2,20.8,12.2,2.346153846153846,-0.0954670329670328,LOW SHIFT,4.0,10,20,0,30,LOW,LEGITIMATE_CHANGE,New project assignment recorded in synthetic context,2.0,10,40,20,LOW,4 anomalous event(s) detected | File activity increased 2.3x above baseline | 2 high-risk activity sequence(s) | Legitimate context: New project assignment recorded in synthetic context
U0025,5.133333333333334,15.0,11.8,2.2987012987012987,-0.061920222634508,LOW SHIFT,7.0,20,20,0,40,MEDIUM,LEGITIMATE_CHANGE,New project assignment recorded in synthetic context,5.0,20,60,30,LOW,7 anomalous events detected | File activity increased 2.3x above baseline | 5 high-risk activity sequence(s) | Legitimate context: New project assignment recorded in synthetic context
U0026,5.266666666666667,12.8,14.4,2.7341772151898733,0.0556057866184449,MEDIUM SHIFT,2.0,10,20,5,35,LOW,LEGITIMATE_CHANGE,New project assignment recorded in synthetic context,4.0,15,50,25,LOW,2 anomalous event(s) detected | File activity increased 2.7x above baseline | Gradual behavioral change detected | 4 high-risk activity sequence(s) | Legitimate context: New project assignment recorded in synthetic context
U0027,6.066666666666666,12.8,19.2,3.1648351648351647,0.1142072213500785,HIGH SHIFT,3.0,10,20,5,35,LOW,LEGITIMATE_CHANGE,New project assignment recorded in synthetic context,1.0,10,45,22,LOW,3 anomalous event(s) detected | File activity increased 3.2x above baseline | Gradual behavioral change detected | 1 high-risk activity sequence(s) | Legitimate context: New project assignment recorded in synthetic context
U0028,5.6,16.0,14.4,2.571428571428572,0.0006377551020409,LOW SHIFT,8.0,30,20,5,55,MEDIUM,LEGITIMATE_CHANGE,New project assignment recorded in synthetic context,2.0,10,65,32,LOW,8 anomalous events detected | File activity increased 2.6x above baseline | Gradual behavioral change detected | 2 high-risk activity sequence(s) | Legitimate context: New project assignment recorded in synthetic context
U0029,6.133333333333334,16.0,14.8,2.4130434782608696,-0.011645962732919,LOW SHIFT,6.0,20,20,0,40,MEDIUM,LEGITIMATE_CHANGE,New project assignment recorded in synthetic context,2.0,10,50,25,LOW,6 anomalous events detected | File activity increased 2.4x above baseline | 2 high-risk activity sequence(s) | Legitimate context: New project assignment recorded in synthetic context
U0030,4.8,17.2,13.6,2.833333333333333,-0.0721726190476189,LOW SHIFT,8.0,30,20,0,50,MEDIUM,LEGITIMATE_CHANGE,New project assignment recorded in synthetic context,2.0,10,60,30,LOW,8 anomalous events detected | File activity increased 2.8x above baseline | 2 high-risk activity sequence(s) | Legitimate context: New project assignment recorded in synthetic context
U0031,5.533333333333333,17.2,14.8,2.674698795180724,-0.0548623063683304,LOW SHIFT,7.0,20,20,0,40,MEDIUM,LEGITIMATE_CHANGE,New project assignment recorded in synthetic context,3.0,15,55,28,LOW,7 anomalous events detected | File activity increased 2.7x above baseline | 3 high-risk activity sequence(s) | Legitimate context: New project assignment recorded in synthetic context
U0032,5.866666666666666,15.0,16.4,2.7954545454545454,0.0334821428571429,MEDIUM SHIFT,8.0,30,20,5,55,MEDIUM,LEGITIMATE_CHANGE,New project assignment recorded in synthetic context,4.0,15,70,35,LOW,8 anomalous events detected | File activity increased 2.8x above baseline | Gradual behavioral change detected | 4 high-risk activity sequence(s) | Legitimate context: New project assignment recorded in synthetic context
U0033,6.466666666666667,15.6,12.4,1.9175257731958764,-0.0795287187039763,LOW SHIFT,2.0,10,10,0,20,LOW,LEGITIMATE_CHANGE,New project assignment recorded in synthetic context,2.0,10,30,15,LOW,2 anomalous event(s) detected | 2 high-risk activity sequence(s) | Legitimate context: New project assignment recorded in synthetic context
U0034,4.8,20.4,19.2,4.0,-0.0245535714285714,LOW SHIFT,12.0,30,20,0,50,MEDIUM,LEGITIMATE_CHANGE,New project assignment recorded in synthetic context,1.0,10,60,30,LOW,12 anomalous events detected | File activity increased 4.0x above baseline | 1 high-risk activity sequence(s) | Legitimate context: New project assignment recorded in synthetic context
U0035,4.866666666666666,19.6,18.2,3.739726027397261,-0.0381604696673189,LOW SHIFT,10.0,30,20,0,50,MEDIUM,LEGITIMATE_CHANGE,New project assignment recorded in synthetic context,4.0,15,65,32,LOW,10 anomalous events detected | File activity increased 3.7x above baseline | 4 high-risk activity sequence(s) | Legitimate context: New project assignment recorded in synthetic context
U0036,4.533333333333333,11.6,11.2,2.4705882352941178,0.0252100840336134,MEDIUM SHIFT,10.0,30,20,5,55,MEDIUM,LEGITIMATE_CHANGE,New project assignment recorded in synthetic context,2.0,10,65,32,LOW,10 anomalous events detected | File activity increased 2.5x above baseline | Gradual behavioral change detected | 2 high-risk activity sequence(s) | Legitimate context: New project assignment recorded in synthetic context
U0037,5.133333333333334,14.6,17.2,3.35064935064935,0.0313079777365491,HIGH SHIFT,5.0,20,20,5,45,MEDIUM,LEGITIMATE_CHANGE,New project assignment recorded in synthetic context,2.0,10,55,28,LOW,5 anomalous events detected | File activity increased 3.4x above baseline | Gradual behavioral change detected | 2 high-risk activity sequence(s) | Legitimate context: New project assignment recorded in synthetic context
U0038,6.866666666666666,13.8,18.0,2.621359223300971,0.0525312066574201,MEDIUM SHIFT,2.0,10,20,5,35,LOW,LEGITIMATE_CHANGE,New project assignment recorded in synthetic context,2.0,10,45,22,LOW,2 anomalous event(s) detected | File activity increased 2.6x above baseline | Gradual behavioral change detected | 2 high-risk activity sequence(s) | Legitimate context: New project assignment recorded in synthetic context
U0039,5.133333333333334,17.6,17.0,3.311688311688312,-0.0139146567717997,LOW SHIFT,10.0,30,20,0,50,MEDIUM,LEGITIMATE_CHANGE,New project assignment recorded in synthetic context,4.0,15,65,32,LOW,10 anomalous events detected | File activity increased 3.3x above baseline | 4 high-risk activity sequence(s) | Legitimate context: New project assignment recorded in synthetic context
U0040,5.2,12.6,16.0,3.0769230769230766,0.0597527472527472,HIGH SHIFT,12.0,30,20,5,55,MEDIUM,LEGITIMATE_CHANGE,New project assignment recorded in synthetic context,1.0,10,65,32,LOW,12 anomalous events detected | File activity increased 3.1x above baseline | Gradual behavioral change detected | 1 high-risk activity sequence(s) | Legitimate context: New project assignment recorded in synthetic context
U0041,5.466666666666667,16.8,12.8,2.341463414634146,-0.0568379790940765,LOW SHIFT,12.0,30,20,0,50,MEDIUM,LEGITIMATE_CHANGE,New project assignment recorded in synthetic context,7.0,20,70,35,LOW,12 anomalous events detected | File activity increased 2.3x above baseline | 7 high-risk activity sequence(s) | Legitimate context: New project assignment recorded in synthetic context
U0042,4.733333333333333,8.6,16.8,3.5492957746478875,0.1493963782696176,HIGH SHIFT,5.0,20,20,5,45,MEDIUM,LEGITIMATE_CHANGE,New project assignment recorded in synthetic context,4.0,15,60,30,LOW,5 anomalous events detected | File activity increased 3.5x above baseline | Gradual behavioral change detected | 4 high-risk activity sequence(s) | Legitimate context: New project assignment recorded in synthetic context
U0043,6.4,15.8,12.6,1.96875,-0.0574776785714283,LOW SHIFT,1.0,0,10,0,10,LOW,LEGITIMATE_CHANGE,New project assignment recorded in synthetic context,5.0,20,30,15,LOW,1 anomalous event(s) detected | 5 high-risk activity sequence(s) | Legitimate context: New project assignment recorded in synthetic context
U0044,7.066666666666666,14.4,18.2,2.5754716981132075,0.0303234501347709,MEDIUM SHIFT,8.0,30,20,5,55,MEDIUM,LEGITIMATE_CHANGE,New project assignment recorded in synthetic context,3.0,15,70,35,LOW,8 anomalous events detected | File activity increased 2.6x above baseline | Gradual behavioral change detected | 3 high-risk activity sequence(s) | Legitimate context: New project assignment recorded in synthetic context
U0045,4.266666666666667,12.8,12.6,2.953125,-0.033482142857143,LOW SHIFT,7.0,20,20,0,40,MEDIUM,LEGITIMATE_CHANGE,New project assignment recorded in synthetic context,2.0,10,50,25,LOW,7 anomalous events detected | File activity increased 3.0x above baseline | 2 high-risk activity sequence(s) | Legitimate context: New project assignment recorded in synthetic context
U0046,5.866666666666666,16.6,17.8,3.0340909090909096,-0.0249594155844155,LOW SHIFT,8.0,30,20,0,50,MEDIUM,LEGITIMATE_CHANGE,New project assignment recorded in synthetic context,3.0,15,65,32,LOW,8 anomalous events detected | File activity increased 3.0x above baseline | 3 high-risk activity sequence(s) | Legitimate context: New project assignment recorded in synthetic context
U0047,6.266666666666667,15.2,16.4,2.6170212765957444,0.0250759878419451,MEDIUM SHIFT,6.0,20,20,5,45,MEDIUM,LEGITIMATE_CHANGE,New project assignment recorded in synthetic context,0.0,0,45,22,LOW,6 anomalous events detected | File activity increased 2.6x above baseline | Gradual behavioral change detected | Legitimate context: New project assignment recorded in synthetic context
U0048,6.333333333333333,12.2,18.4,2.9052631578947365,0.0761278195488723,MEDIUM SHIFT,1.0,0,20,5,25,LOW,LEGITIMATE_CHANGE,New project assignment recorded in synthetic context,6.0,20,45,22,LOW,1 anomalous event(s) detected | File activity increased 2.9x above baseline | Gradual behavioral change detected | 6 high-risk activity sequence(s) | Legitimate context: New project assignment recorded in synthetic context
U0049,4.8,13.6,11.8,2.458333333333333,-0.03125,LOW SHIFT,6.0,20,20,0,40,MEDIUM,LEGITIMATE_CHANGE,New project assignment recorded in synthetic context,6.0,20,60,30,LOW,6 anomalous events detected | File activity increased 2.5x above baseline | 6 high-risk activity sequence(s) | Legitimate context: New project assignment recorded in synthetic context
U0050,6.066666666666666,10.4,16.8,2.7692307692307696,0.0883045525902667,MEDIUM SHIFT,1.0,0,20,5,25,LOW,LEGITIMATE_CHANGE,New project assignment recorded in synthetic context,3.0,15,40,20,LOW,1 anomalous event(s) detected | File activity increased 2.8x above baseline | Gradual behavioral change detected | 3 high-risk activity sequence(s) | Legitimate context: New project assignment recorded in synthetic context
U0051,11.933333333333334,57.4,106.2,8.899441340782124,0.370211492418196,HIGH SHIFT,10.0,30,30,15,75,HIGH,NO_KNOWN_CHANGE,No legitimate context recorded,6.0,20,95,95,HIGH,10 anomalous events detected | File activity reached 8.9x baseline | Behavioral deviation is increasing over time | 6 high-risk activity sequence(s) | No known legitimate context recorded
U0052,12.266666666666667,48.2,84.2,6.864130434782608,0.3351125776397514,HIGH SHIFT,13.0,30,30,15,75,HIGH,NO_KNOWN_CHANGE,No legitimate context recorded,6.0,20,95,95,HIGH,13 anomalous events detected | File activity reached 6.9x baseline | Behavioral deviation is increasing over time | 6 high-risk activity sequence(s) | No known legitimate context recorded
U0053,12.6,52.6,103.8,8.238095238095237,0.3931405895691607,HIGH SHIFT,15.0,30,30,15,75,HIGH,NO_KNOWN_CHANGE,No legitimate context recorded,5.0,20,95,95,HIGH,15 anomalous events detected | File activity reached 8.2x baseline | Behavioral deviation is increasing over time | 5 high-risk activity sequence(s) | No known legitimate context recorded
U0054,11.6,51.4,115.0,9.913793103448276,0.5578817733990142,HIGH SHIFT,15.0,30,30,15,75,HIGH,NO_KNOWN_CHANGE,No legitimate context recorded,8.0,20,95,95,HIGH,15 anomalous events detected | File activity reached 9.9x baseline | Behavioral deviation is increasing over time | 8 high-risk activity sequence(s) | No known legitimate context recorded
U0055,12.466666666666669,47.0,121.2,9.72192513368984,0.5715240641711227,HIGH SHIFT,15.0,30,30,15,75,HIGH,NO_KNOWN_CHANGE,No legitimate context recorded,5.0,20,95,95,HIGH,15 anomalous events detected | File activity reached 9.7x baseline | Behavioral deviation is increasing over time | 5 high-risk activity sequence(s) | No known legitimate context recorded
U0056,13.066666666666666,53.2,125.6,9.612244897959185,0.5297011661807575,HIGH SHIFT,13.0,30,30,15,75,HIGH,NO_KNOWN_CHANGE,No legitimate context recorded,11.0,20,95,95,HIGH,13 anomalous events detected | File activity reached 9.6x baseline | Behavioral deviation is increasing over time | 11 high-risk activity sequence(s) | No known legitimate context recorded
U0057,11.6,48.6,111.6,9.620689655172413,0.4815270935960587,HIGH SHIFT,15.0,30,30,15,75,HIGH,NO_KNOWN_CHANGE,No legitimate context recorded,8.0,20,95,95,HIGH,15 anomalous events detected | File activity reached 9.6x baseline | Behavioral deviation is increasing over time | 8 high-risk activity sequence(s) | No known legitimate context recorded
U0058,13.0,53.6,97.8,7.523076923076923,0.3387362637362635,HIGH SHIFT,15.0,30,30,15,75,HIGH,NO_KNOWN_CHANGE,No legitimate context recorded,7.0,20,95,95,HIGH,15 anomalous events detected | File activity reached 7.5x baseline | Behavioral deviation is increasing over time | 7 high-risk activity sequence(s) | No known legitimate context recorded
U0059,12.8,54.4,116.0,9.0625,0.4118303571428567,HIGH SHIFT,15.0,30,30,15,75,HIGH,NO_KNOWN_CHANGE,No legitimate context recorded,11.0,20,95,95,HIGH,15 anomalous events detected | File activity reached 9.1x baseline | Behavioral deviation is increasing over time | 11 high-risk activity sequence(s) | No known legitimate context recorded
U0060,10.133333333333333,48.8,121.8,12.019736842105264,0.7200422932330822,HIGH SHIFT,15.0,30,40,15,85,HIGH,NO_KNOWN_CHANGE,No legitimate context recorded,7.0,20,105,100,HIGH,15 anomalous events detected | File activity reached 12.0x baseline | Behavioral deviation is increasing over time | 7 high-risk activity sequence(s) | No known legitimate context recorded
U0061,13.6,48.4,92.0,6.764705882352941,0.321691176470588,HIGH SHIFT,12.0,30,30,15,75,HIGH,NO_KNOWN_CHANGE,No legitimate context recorded,6.0,20,95,95,HIGH,12 anomalous events detected | File activity reached 6.8x baseline | Behavioral deviation is increasing over time | 6 high-risk activity sequence(s) | No known legitimate context recorded
U0062,13.666666666666666,52.2,98.6,7.214634146341464,0.337630662020906,HIGH SHIFT,15.0,30,30,15,75,HIGH,NO_KNOWN_CHANGE,No legitimate context recorded,6.0,20,95,95,HIGH,15 anomalous events detected | File activity reached 7.2x baseline | Behavioral deviation is increasing over time | 6 high-risk activity sequence(s) | No known legitimate context recorded
U0063,15.0,57.0,108.4,7.2266666666666675,0.3366666666666664,HIGH SHIFT,13.0,30,30,15,75,HIGH,NO_KNOWN_CHANGE,No legitimate context recorded,6.0,20,95,95,HIGH,13 anomalous events detected | File activity reached 7.2x baseline | Behavioral deviation is increasing over time | 6 high-risk activity sequence(s) | No known legitimate context recorded
U0064,12.133333333333333,45.8,101.4,8.357142857142858,0.4674254317111458,HIGH SHIFT,11.0,30,30,15,75,HIGH,NO_KNOWN_CHANGE,No legitimate context recorded,8.0,20,95,95,HIGH,11 anomalous events detected | File activity reached 8.4x baseline | Behavioral deviation is increasing over time | 8 high-risk activity sequence(s) | No known legitimate context recorded
U0065,12.6,53.2,97.6,7.746031746031746,0.3698979591836731,HIGH SHIFT,15.0,30,30,15,75,HIGH,NO_KNOWN_CHANGE,No legitimate context recorded,8.0,20,95,95,HIGH,15 anomalous events detected | File activity reached 7.7x baseline | Behavioral deviation is increasing over time | 8 high-risk activity sequence(s) | No known legitimate context recorded
U0066,12.266666666666667,52.6,107.8,8.78804347826087,0.4769021739130429,HIGH SHIFT,14.0,30,30,15,75,HIGH,NO_KNOWN_CHANGE,No legitimate context recorded,8.0,20,95,95,HIGH,14 anomalous events detected | File activity reached 8.8x baseline | Behavioral deviation is increasing over time | 8 high-risk activity sequence(s) | No known legitimate context recorded
U0067,14.6,62.0,108.0,7.397260273972603,0.316780821917808,HIGH SHIFT,15.0,30,30,15,75,HIGH,NO_KNOWN_CHANGE,No legitimate context recorded,6.0,20,95,95,HIGH,15 anomalous events detected | File activity reached 7.4x baseline | Behavioral deviation is increasing over time | 6 high-risk activity sequence(s) | No known legitimate context recorded
U0068,14.4,55.8,127.8,8.875,0.5042162698412693,HIGH SHIFT,15.0,30,30,15,75,HIGH,NO_KNOWN_CHANGE,No legitimate context recorded,6.0,20,95,95,HIGH,15 anomalous events detected | File activity reached 8.9x baseline | Behavioral deviation is increasing over time | 6 high-risk activity sequence(s) | No known legitimate context recorded
U0069,14.333333333333334,43.6,129.8,9.055813953488371,0.5307308970099663,HIGH SHIFT,12.0,30,30,15,75,HIGH,NO_KNOWN_CHANGE,No legitimate context recorded,9.0,20,95,95,HIGH,12 anomalous events detected | File activity reached 9.1x baseline | Behavioral deviation is increasing over time | 9 high-risk activity sequence(s) | No known legitimate context recorded
U0070,12.533333333333331,61.6,126.2,10.069148936170214,0.5069338905775074,HIGH SHIFT,13.0,30,40,15,85,HIGH,NO_KNOWN_CHANGE,No legitimate context recorded,5.0,20,105,100,HIGH,13 anomalous events detected | File activity reached 10.1x baseline | Behavioral deviation is increasing over time | 5 high-risk activity sequence(s) | No known legitimate context recorded
U0071,11.8,50.2,97.4,8.254237288135593,0.4164648910411618,HIGH SHIFT,15.0,30,30,15,75,HIGH,NO_KNOWN_CHANGE,No legitimate context recorded,5.0,20,95,95,HIGH,15 anomalous events detected | File activity reached 8.3x baseline | Behavioral deviation is increasing over time | 5 high-risk activity sequence(s) | No known legitimate context recorded
U0072,12.933333333333334,58.2,93.0,7.190721649484536,0.2189801178203241,HIGH SHIFT,15.0,30,30,5,65,MEDIUM,NO_KNOWN_CHANGE,No legitimate context recorded,10.0,20,85,85,HIGH,15 anomalous events detected | File activity reached 7.2x baseline | Gradual behavioral change detected | 10 high-risk activity sequence(s) | No known legitimate context recorded
U0073,13.533333333333331,49.0,118.4,8.748768472906404,0.5101161154116817,HIGH SHIFT,14.0,30,30,15,75,HIGH,NO_KNOWN_CHANGE,No legitimate context recorded,8.0,20,95,95,HIGH,14 anomalous events detected | File activity reached 8.7x baseline | Behavioral deviation is increasing over time | 8 high-risk activity sequence(s) | No known legitimate context recorded
U0074,14.333333333333334,45.8,102.6,7.158139534883721,0.3710132890365447,HIGH SHIFT,15.0,30,30,15,75,HIGH,NO_KNOWN_CHANGE,No legitimate context recorded,3.0,15,90,90,HIGH,15 anomalous events detected | File activity reached 7.2x baseline | Behavioral deviation is increasing over time | 3 high-risk activity sequence(s) | No known legitimate context recorded
U0075,11.6,40.0,105.8,9.120689655172416,0.5594211822660097,HIGH SHIFT,15.0,30,30,15,75,HIGH,NO_KNOWN_CHANGE,No legitimate context recorded,8.0,20,95,95,HIGH,15 anomalous events detected | File activity reached 9.1x baseline | Behavioral deviation is increasing over time | 8 high-risk activity sequence(s) | No known legitimate context recorded
U0076,5.733333333333333,5.8,4.0,0.6976744186046512,-0.0317691029900332,NORMAL,8.0,30,0,0,30,LOW,NO_KNOWN_CHANGE,No legitimate context recorded,0.0,0,30,30,LOW,8 anomalous events detected | No known legitimate context recorded
U0077,5.6,7.2,5.0,0.8928571428571429,-0.0446428571428571,NORMAL,5.0,20,0,0,20,LOW,NO_KNOWN_CHANGE,No legitimate context recorded,0.0,0,20,20,LOW,5 anomalous events detected | No known legitimate context recorded
U0078,5.8,8.2,4.0,0.6896551724137931,-0.063423645320197,NORMAL,6.0,20,0,0,20,LOW,NO_KNOWN_CHANGE,No legitimate context recorded,0.0,0,20,20,LOW,6 anomalous events detected | No known legitimate context recorded
U0079,4.866666666666666,5.6,6.2,1.2739726027397262,0.0088062622309198,NORMAL,6.0,20,0,5,25,LOW,NO_KNOWN_CHANGE,No legitimate context recorded,0.0,0,25,25,LOW,6 anomalous events detected | Gradual behavioral change detected | No known legitimate context recorded
U0080,5.4,4.4,4.4,0.8148148148148149,0.0059523809523809,NORMAL,3.0,10,0,5,15,LOW,NO_KNOWN_CHANGE,No legitimate context recorded,0.0,0,15,15,LOW,3 anomalous event(s) detected | Gradual behavioral change detected | No known legitimate context recorded
U0081,4.2,4.2,5.6,1.3333333333333333,0.0119047619047618,LOW SHIFT,9.0,30,0,5,35,LOW,NO_KNOWN_CHANGE,No legitimate context recorded,0.0,0,35,35,LOW,9 anomalous events detected | Gradual behavioral change detected | No known legitimate context recorded
U0082,6.333333333333333,4.8,4.8,0.7578947368421053,-0.01296992481203,NORMAL,7.0,20,0,0,20,LOW,NO_KNOWN_CHANGE,No legitimate context recorded,0.0,0,20,20,LOW,7 anomalous events detected | No known legitimate context recorded
U0083,5.4,6.8,3.4,0.6296296296296295,-0.0522486772486772,NORMAL,7.0,20,0,0,20,LOW,NO_KNOWN_CHANGE,No legitimate context recorded,0.0,0,20,20,LOW,7 anomalous events detected | No known legitimate context recorded
U0084,5.6,6.2,7.4,1.3214285714285716,0.0165816326530611,LOW SHIFT,4.0,10,0,5,15,LOW,NO_KNOWN_CHANGE,No legitimate context recorded,0.0,0,15,15,LOW,4 anomalous event(s) detected | Gradual behavioral change detected | No known legitimate context recorded
U0085,4.0,7.8,7.6,1.9,-0.0258928571428571,LOW SHIFT,8.0,30,10,0,40,MEDIUM,NO_KNOWN_CHANGE,No legitimate context recorded,0.0,0,40,40,MEDIUM,8 anomalous events detected | No known legitimate context recorded
U0086,5.6,3.4,5.2,0.9285714285714288,0.0420918367346938,LOW SHIFT,3.0,10,0,5,15,LOW,NO_KNOWN_CHANGE,No legitimate context recorded,0.0,0,15,15,LOW,3 anomalous event(s) detected | Gradual behavioral change detected | No known legitimate context recorded
U0087,5.0,7.6,3.8,0.76,-0.0828571428571428,NORMAL,3.0,10,0,0,10,LOW,NO_KNOWN_CHANGE,No legitimate context recorded,0.0,0,10,10,LOW,3 anomalous event(s) detected | No known legitimate context recorded
U0088,5.466666666666667,6.2,5.6,1.024390243902439,0.0058797909407665,NORMAL,6.0,20,0,5,25,LOW,NO_KNOWN_CHANGE,No legitimate context recorded,0.0,0,25,25,LOW,6 anomalous events detected | Gradual behavioral change detected | No known legitimate context recorded
U0089,5.933333333333334,6.4,7.2,1.2134831460674158,0.0246789727126805,LOW SHIFT,1.0,0,0,5,5,LOW,NO_KNOWN_CHANGE,No legitimate context recorded,0.0,0,5,5,LOW,1 anomalous event(s) detected | Gradual behavioral change detected | No known legitimate context recorded
U0090,5.066666666666666,6.4,4.2,0.8289473684210527,-0.0303101503759396,NORMAL,3.0,10,0,0,10,LOW,NO_KNOWN_CHANGE,No legitimate context recorded,0.0,0,10,10,LOW,3 anomalous event(s) detected | No known legitimate context recorded
U0091,5.066666666666666,6.8,5.2,1.0263157894736843,-0.0197368421052631,NORMAL,5.0,20,0,0,20,LOW,NO_KNOWN_CHANGE,No legitimate context recorded,0.0,0,20,20,LOW,5 anomalous events detected | No known legitimate context recorded
U0092,4.6,6.2,8.4,1.8260869565217392,0.0372670807453415,MEDIUM SHIFT,7.0,20,10,5,35,LOW,NO_KNOWN_CHANGE,No legitimate context recorded,0.0,0,35,35,LOW,7 anomalous events detected | Gradual behavioral change detected | No known legitimate context recorded
U0093,5.2,3.8,5.2,1.0,0.0116758241758241,LOW SHIFT,4.0,10,0,5,15,LOW,NO_KNOWN_CHANGE,No legitimate context recorded,0.0,0,15,15,LOW,4 anomalous event(s) detected | Gradual behavioral change detected | No known legitimate context recorded
U0094,5.933333333333334,4.2,3.4,0.5730337078651685,-0.0276886035313001,NORMAL,7.0,20,0,0,20,LOW,NO_KNOWN_CHANGE,No legitimate context recorded,0.0,0,20,20,LOW,7 anomalous events detected | No known legitimate context recorded
U0095,5.2,4.6,6.2,1.1923076923076923,0.0267857142857141,LOW SHIFT,5.0,20,0,5,25,LOW,NO_KNOWN_CHANGE,No legitimate context recorded,0.0,0,25,25,LOW,5 anomalous events detected | Gradual behavioral change detected | No known legitimate context recorded
U0096,5.133333333333334,3.6,5.4,1.051948051948052,0.0285250463821892,LOW SHIFT,8.0,30,0,5,35,LOW,NO_KNOWN_CHANGE,No legitimate context recorded,0.0,0,35,35,LOW,8 anomalous events detected | Gradual behavioral change detected | No known legitimate context recorded
U0097,3.866666666666666,5.0,6.8,1.7586206896551724,0.0387931034482757,MEDIUM SHIFT,6.0,20,10,5,35,LOW,NO_KNOWN_CHANGE,No legitimate context recorded,0.0,0,35,35,LOW,6 anomalous events detected | Gradual behavioral change detected | No known legitimate context recorded
U0098,6.4,6.2,5.6,0.8749999999999999,-0.0022321428571428,NORMAL,3.0,10,0,0,10,LOW,NO_KNOWN_CHANGE,No legitimate context recorded,0.0,0,10,10,LOW,3 anomalous event(s) detected | No known legitimate context recorded
U0099,6.533333333333333,3.8,5.6,0.8571428571428571,0.0256924198250728,LOW SHIFT,6.0,20,0,5,25,LOW,NO_KNOWN_CHANGE,No legitimate context recorded,0.0,0,25,25,LOW,6 anomalous events detected | Gradual behavioral change detected | No known legitimate context recorded
U0100,5.533333333333333,5.2,6.8,1.2289156626506024,0.0264629948364888,LOW SHIFT,3.0,10,0,5,15,LOW,NO_KNOWN_CHANGE,No legitimate context recorded,0.0,0,15,15,LOW,3 anomalous event(s) detected | Gradual behavioral change detected | No known legitimate context recorded
U0101,6.0,6.0,6.8,1.1333333333333333,0.0190476190476189,LOW SHIFT,4.0,10,0,5,15,LOW,NO_KNOWN_CHANGE,No legitimate context recorded,0.0,0,15,15,LOW,4 anomalous event(s) detected | Gradual behavioral change detected | No known legitimate context recorded
U0102,6.133333333333334,4.2,3.4,0.5543478260869564,-0.013975155279503,NORMAL,5.0,20,0,0,20,LOW,NO_KNOWN_CHANGE,No legitimate context recorded,0.0,0,20,20,LOW,5 anomalous events detected | No known legitimate context recorded
U0103,3.933333333333333,6.6,5.2,1.3220338983050848,-0.0608353510895883,NORMAL,5.0,20,0,0,20,LOW,NO_KNOWN_CHANGE,No legitimate context recorded,0.0,0,20,20,LOW,5 anomalous events detected | No known legitimate context recorded
U0104,5.6,6.0,7.0,1.25,0.006377551020408,NORMAL,10.0,30,0,5,35,LOW,NO_KNOWN_CHANGE,No legitimate context recorded,0.0,0,35,35,LOW,10 anomalous events detected | Gradual behavioral change detected | No known legitimate context recorded
U0105,5.6,5.8,6.2,1.1071428571428572,0.0153061224489795,LOW SHIFT,4.0,10,0,5,15,LOW,NO_KNOWN_CHANGE,No legitimate context recorded,0.0,0,15,15,LOW,4 anomalous event(s) detected | Gradual behavioral change detected | No known legitimate context recorded
U0106,5.0,5.8,4.6,0.92,-0.0207142857142857,NORMAL,3.0,10,0,0,10,LOW,NO_KNOWN_CHANGE,No legitimate context recorded,0.0,0,10,10,LOW,3 anomalous event(s) detected | No known legitimate context recorded
U0107,5.733333333333333,5.8,6.4,1.1162790697674418,0.0105897009966776,LOW SHIFT,6.0,20,0,5,25,LOW,NO_KNOWN_CHANGE,No legitimate context recorded,0.0,0,25,25,LOW,6 anomalous events detected | Gradual behavioral change detected | No known legitimate context recorded
U0108,5.4,7.6,8.0,1.4814814814814814,0.0013227513227512,LOW SHIFT,5.0,20,0,5,25,LOW,NO_KNOWN_CHANGE,No legitimate context recorded,0.0,0,25,25,LOW,5 anomalous events detected | Gradual behavioral change detected | No known legitimate context recorded
U0109,4.8,6.2,4.4,0.9166666666666669,-0.0647321428571428,NORMAL,4.0,10,0,0,10,LOW,NO_KNOWN_CHANGE,No legitimate context recorded,0.0,0,10,10,LOW,4 anomalous event(s) detected | No known legitimate context recorded
U0110,5.733333333333333,5.0,7.4,1.2906976744186047,0.0386212624584717,LOW SHIFT,6.0,20,0,5,25,LOW,NO_KNOWN_CHANGE,No legitimate context recorded,0.0,0,25,25,LOW,6 anomalous events detected | Gradual behavioral change detected | No known legitimate context recorded
U0111,6.466666666666667,7.0,5.4,0.8350515463917526,-0.0160162002945507,NORMAL,4.0,10,0,0,10,LOW,NO_KNOWN_CHANGE,No legitimate context recorded,0.0,0,10,10,LOW,4 anomalous event(s) detected | No known legitimate context recorded
U0112,6.2,3.2,4.2,0.6774193548387097,-0.0005760368663595,NORMAL,9.0,30,0,0,30,LOW,NO_KNOWN_CHANGE,No legitimate context recorded,0.0,0,30,30,LOW,9 anomalous events detected | No known legitimate context recorded
U0113,5.6,5.2,7.8,1.392857142857143,0.0325255102040815,LOW SHIFT,3.0,10,0,5,15,LOW,NO_KNOWN_CHANGE,No legitimate context recorded,0.0,0,15,15,LOW,3 anomalous event(s) detected | Gradual behavioral change detected | No known legitimate context recorded
U0114,4.866666666666666,4.8,7.0,1.4383561643835618,0.0557729941291585,LOW SHIFT,5.0,20,0,5,25,LOW,NO_KNOWN_CHANGE,No legitimate context recorded,0.0,0,25,25,LOW,5 anomalous events detected | Gradual behavioral change detected | No known legitimate context recorded
U0115,6.466666666666667,3.2,2.8,0.4329896907216494,-0.0022091310751103,NORMAL,9.0,30,0,0,30,LOW,NO_KNOWN_CHANGE,No legitimate context recorded,0.0,0,30,30,LOW,9 anomalous events detected | No known legitimate context recorded
U0116,5.333333333333333,4.6,2.6,0.4875,-0.0294642857142856,NORMAL,7.0,20,0,0,20,LOW,NO_KNOWN_CHANGE,No legitimate context recorded,0.0,0,20,20,LOW,7 anomalous events detected | No known legitimate context recorded
U0117,4.8,6.0,7.2,1.5,0.0312499999999999,LOW SHIFT,2.0,10,10,5,25,LOW,NO_KNOWN_CHANGE,No legitimate context recorded,0.0,0,25,25,LOW,2 anomalous event(s) detected | Gradual behavioral change detected | No known legitimate context recorded
U0118,5.533333333333333,4.8,3.2,0.5783132530120483,-0.023881239242685,NORMAL,9.0,30,0,0,30,LOW,NO_KNOWN_CHANGE,No legitimate context recorded,0.0,0,30,30,LOW,9 anomalous events detected | No known legitimate context recorded
U0119,4.333333333333333,6.6,5.4,1.2461538461538464,-0.0131868131868132,NORMAL,5.0,20,0,0,20,LOW,NO_KNOWN_CHANGE,No legitimate context recorded,0.0,0,20,20,LOW,5 anomalous events detected | No known legitimate context recorded
U0120,5.6,5.2,3.6,0.6428571428571429,-0.0293367346938775,NORMAL,3.0,10,0,0,10,LOW,NO_KNOWN_CHANGE,No legitimate context recorded,0.0,0,10,10,LOW,3 anomalous event(s) detected | No known legitimate context recorded
U0121,5.866666666666666,3.6,6.2,1.056818181818182,0.0438311688311687,LOW SHIFT,7.0,20,0,5,25,LOW,NO_KNOWN_CHANGE,No legitimate context recorded,0.0,0,25,25,LOW,7 anomalous events detected | Gradual behavioral change detected | No known legitimate context recorded
U0122,5.666666666666667,5.0,7.4,1.3058823529411765,0.0384453781512605,LOW SHIFT,9.0,30,0,5,35,LOW,NO_KNOWN_CHANGE,No legitimate context recorded,0.0,0,35,35,LOW,9 anomalous events detected | Gradual behavioral change detected | No known legitimate context recorded
U0123,6.0,6.2,4.8,0.7999999999999999,-0.0220238095238095,NORMAL,3.0,10,0,0,10,LOW,NO_KNOWN_CHANGE,No legitimate context recorded,0.0,0,10,10,LOW,3 anomalous event(s) detected | No known legitimate context recorded
U0124,4.533333333333333,4.4,5.4,1.1911764705882355,0.0433298319327731,LOW SHIFT,6.0,20,0,5,25,LOW,NO_KNOWN_CHANGE,No legitimate context recorded,0.0,0,25,25,LOW,6 anomalous events detected | Gradual behavioral change detected | No known legitimate context recorded
U0125,5.333333333333333,6.2,6.4,1.2000000000000002,0.0167410714285714,LOW SHIFT,4.0,10,0,5,15,LOW,NO_KNOWN_CHANGE,No legitimate context recorded,0.0,0,15,15,LOW,4 anomalous event(s) detected | Gradual behavioral change detected | No known legitimate context recorded
U0126,5.2,4.8,3.8,0.7307692307692307,-0.0302197802197801,NORMAL,3.0,10,0,0,10,LOW,NO_KNOWN_CHANGE,No legitimate context recorded,0.0,0,10,10,LOW,3 anomalous event(s) detected | No known legitimate context recorded
U0127,5.0,7.2,3.6,0.72,-0.082142857142857,NORMAL,4.0,10,0,0,10,LOW,NO_KNOWN_CHANGE,No legitimate context recorded,0.0,0,10,10,LOW,4 anomalous event(s) detected | No known legitimate context recorded
U0128,5.533333333333333,5.6,4.0,0.7228915662650602,-0.0135542168674698,NORMAL,8.0,30,0,0,30,LOW,NO_KNOWN_CHANGE,No legitimate context recorded,0.0,0,30,30,LOW,8 anomalous events detected | No known legitimate context recorded
U0129,5.533333333333333,5.6,7.2,1.3012048192771084,0.0187177280550773,LOW SHIFT,4.0,10,0,5,15,LOW,NO_KNOWN_CHANGE,No legitimate context recorded,0.0,0,15,15,LOW,4 anomalous event(s) detected | Gradual behavioral change detected | No known legitimate context recorded
U0130,6.0,6.0,5.2,0.8666666666666667,-0.0142857142857142,NORMAL,2.0,10,0,0,10,LOW,NO_KNOWN_CHANGE,No legitimate context recorded,0.0,0,10,10,LOW,2 anomalous event(s) detected | No known legitimate context recorded
U0131,5.933333333333334,8.0,5.6,0.943820224719101,-0.0403290529695024,NORMAL,5.0,20,0,0,20,LOW,NO_KNOWN_CHANGE,No legitimate context recorded,0.0,0,20,20,LOW,5 anomalous events detected | No known legitimate context recorded
U0132,6.333333333333333,7.2,5.2,0.8210526315789475,-0.0327067669172932,NORMAL,5.0,20,0,0,20,LOW,NO_KNOWN_CHANGE,No legitimate context recorded,0.0,0,20,20,LOW,5 anomalous events detected | No known legitimate context recorded
U0133,5.0,5.4,4.4,0.8800000000000001,-0.0207142857142855,NORMAL,5.0,20,0,0,20,LOW,NO_KNOWN_CHANGE,No legitimate context recorded,0.0,0,20,20,LOW,5 anomalous events detected | No known legitimate context recorded
U0134,5.933333333333334,4.2,4.6,0.7752808988764044,0.0240770465489567,LOW SHIFT,6.0,20,0,5,25,LOW,NO_KNOWN_CHANGE,No legitimate context recorded,0.0,0,25,25,LOW,6 anomalous events detected | Gradual behavioral change detected | No known legitimate context recorded
U0135,5.4,6.4,3.0,0.5555555555555555,-0.0482804232804232,NORMAL,7.0,20,0,0,20,LOW,NO_KNOWN_CHANGE,No legitimate context recorded,0.0,0,20,20,LOW,7 anomalous events detected | No known legitimate context recorded
U0136,5.866666666666666,5.4,4.2,0.7159090909090909,-0.0328733766233766,NORMAL,3.0,10,0,0,10,LOW,NO_KNOWN_CHANGE,No legitimate context recorded,0.0,0,10,10,LOW,3 anomalous event(s) detected | No known legitimate context recorded
U0137,5.133333333333334,3.4,6.0,1.1688311688311688,0.0445269016697588,LOW SHIFT,4.0,10,0,5,15,LOW,NO_KNOWN_CHANGE,No legitimate context recorded,0.0,0,15,15,LOW,4 anomalous event(s) detected | Gradual behavioral change detected | No known legitimate context recorded
U0138,5.866666666666666,4.2,4.4,0.7500000000000001,0.0079139610389609,NORMAL,2.0,10,0,5,15,LOW,NO_KNOWN_CHANGE,No legitimate context recorded,0.0,0,15,15,LOW,2 anomalous event(s) detected | Gradual behavioral change detected | No known legitimate context recorded
U0139,4.866666666666666,2.2,3.4,0.6986301369863014,0.0315557729941291,LOW SHIFT,4.0,10,0,5,15,LOW,NO_KNOWN_CHANGE,No legitimate context recorded,0.0,0,15,15,LOW,4 anomalous event(s) detected | Gradual behavioral change detected | No known legitimate context recorded
U0140,4.933333333333334,4.8,3.6,0.7297297297297297,-0.0195463320463319,NORMAL,5.0,20,0,0,20,LOW,NO_KNOWN_CHANGE,No legitimate context recorded,0.0,0,20,20,LOW,5 anomalous events detected | No known legitimate context recorded
U0141,4.2,6.4,5.0,1.1904761904761905,-0.0476190476190476,NORMAL,4.0,10,0,0,10,LOW,NO_KNOWN_CHANGE,No legitimate context recorded,0.0,0,10,10,LOW,4 anomalous event(s) detected | No known legitimate context recorded
U0142,6.333333333333333,6.4,4.8,0.7578947368421053,-0.0276315789473683,NORMAL,4.0,10,0,0,10,LOW,NO_KNOWN_CHANGE,No legitimate context recorded,0.0,0,10,10,LOW,4 anomalous event(s) detected | No known legitimate context recorded
U0143,5.4,5.6,6.8,1.259259259259259,-6.249055317101933e-18,NORMAL,8.0,30,0,0,30,LOW,NO_KNOWN_CHANGE,No legitimate context recorded,0.0,0,30,30,LOW,8 anomalous events detected | No known legitimate context recorded
U0144,5.066666666666666,4.8,6.2,1.223684210526316,0.0211466165413532,LOW SHIFT,1.0,0,0,5,5,LOW,NO_KNOWN_CHANGE,No legitimate context recorded,0.0,0,5,5,LOW,1 anomalous event(s) detected | Gradual behavioral change detected | No known legitimate context recorded
U0145,4.533333333333333,7.4,5.8,1.2794117647058822,-0.0299369747899159,NORMAL,1.0,0,0,0,0,LOW,NO_KNOWN_CHANGE,No legitimate context recorded,0.0,0,0,0,LOW,1 anomalous event(s) detected | No known legitimate context recorded
U0146,5.4,5.2,4.8,0.8888888888888888,-0.0171957671957671,NORMAL,5.0,20,0,0,20,LOW,NO_KNOWN_CHANGE,No legitimate context recorded,0.0,0,20,20,LOW,5 anomalous events detected | No known legitimate context recorded
U0147,4.866666666666666,6.2,7.4,1.5205479452054798,0.0176125244618396,LOW SHIFT,4.0,10,10,5,25,LOW,NO_KNOWN_CHANGE,No legitimate context recorded,0.0,0,25,25,LOW,4 anomalous event(s) detected | Gradual behavioral change detected | No known legitimate context recorded
U0148,5.8,5.8,5.4,0.9310344827586208,-0.0203201970443349,NORMAL,4.0,10,0,0,10,LOW,NO_KNOWN_CHANGE,No legitimate context recorded,0.0,0,10,10,LOW,4 anomalous event(s) detected | No known legitimate context recorded
U0149,7.333333333333333,5.0,2.6,0.3545454545454545,-0.0073051948051947,NORMAL,6.0,20,0,0,20,LOW,NO_KNOWN_CHANGE,No legitimate context recorded,0.0,0,20,20,LOW,6 anomalous events detected | No known legitimate context recorded
U0150,5.933333333333334,7.0,8.4,1.4157303370786516,0.0222712680577848,LOW SHIFT,6.0,20,0,5,25,LOW,NO_KNOWN_CHANGE,No legitimate context recorded,0.0,0,25,25,LOW,6 anomalous events detected | Gradual behavioral change detected | No known legitimate context recorded
U0151,5.466666666666667,4.2,2.8,0.5121951219512195,-0.0143728222996515,NORMAL,3.0,10,0,0,10,LOW,NO_KNOWN_CHANGE,No legitimate context recorded,0.0,0,10,10,LOW,3 anomalous event(s) detected | No known legitimate context recorded
U0152,5.466666666666667,3.4,3.8,0.6951219512195121,-0.0013066202090592,NORMAL,5.0,20,0,0,20,LOW,NO_KNOWN_CHANGE,No legitimate context recorded,0.0,0,20,20,LOW,5 anomalous events detected | No known legitimate context recorded
U0153,6.8,4.8,3.2,0.4705882352941177,-0.0273109243697478,NORMAL,5.0,20,0,0,20,LOW,NO_KNOWN_CHANGE,No legitimate context recorded,0.0,0,20,20,LOW,5 anomalous events detected | No known legitimate context recorded
U0154,6.533333333333333,5.4,4.2,0.6428571428571429,-0.0284256559766762,NORMAL,3.0,10,0,0,10,LOW,NO_KNOWN_CHANGE,No legitimate context recorded,0.0,0,10,10,LOW,3 anomalous event(s) detected | No known legitimate context recorded
U0155,5.066666666666666,5.8,3.8,0.75,-0.019031954887218,NORMAL,6.0,20,0,0,20,LOW,NO_KNOWN_CHANGE,No legitimate context recorded,0.0,0,20,20,LOW,6 anomalous events detected | No known legitimate context recorded
U0156,4.466666666666667,5.2,6.8,1.5223880597014925,0.02318763326226,LOW SHIFT,3.0,10,10,5,25,LOW,NO_KNOWN_CHANGE,No legitimate context recorded,0.0,0,25,25,LOW,3 anomalous event(s) detected | Gradual behavioral change detected | No known legitimate context recorded
U0157,5.6,6.2,4.2,0.7500000000000001,-0.0299744897959183,NORMAL,7.0,20,0,0,20,LOW,NO_KNOWN_CHANGE,No legitimate context recorded,0.0,0,20,20,LOW,7 anomalous events detected | No known legitimate context recorded
U0158,4.8,8.0,5.2,1.0833333333333337,-0.0483630952380951,NORMAL,6.0,20,0,0,20,LOW,NO_KNOWN_CHANGE,No legitimate context recorded,0.0,0,20,20,LOW,6 anomalous events detected | No known legitimate context recorded
U0159,5.466666666666667,3.6,6.6,1.2073170731707317,0.0542247386759581,LOW SHIFT,9.0,30,0,5,35,LOW,NO_KNOWN_CHANGE,No legitimate context recorded,0.0,0,35,35,LOW,9 anomalous events detected | Gradual behavioral change detected | No known legitimate context recorded
U0160,5.466666666666667,8.8,6.2,1.1341463414634143,-0.064677700348432,NORMAL,7.0,20,0,0,20,LOW,NO_KNOWN_CHANGE,No legitimate context recorded,0.0,0,20,20,LOW,7 anomalous events detected | No known legitimate context recorded
U0161,6.533333333333333,5.6,3.8,0.5816326530612245,-0.0196793002915451,NORMAL,3.0,10,0,0,10,LOW,NO_KNOWN_CHANGE,No legitimate context recorded,0.0,0,10,10,LOW,3 anomalous event(s) detected | No known legitimate context recorded
U0162,5.333333333333333,5.8,5.8,1.0875,0.0107142857142857,LOW SHIFT,3.0,10,0,5,15,LOW,NO_KNOWN_CHANGE,No legitimate context recorded,0.0,0,15,15,LOW,3 anomalous event(s) detected | Gradual behavioral change detected | No known legitimate context recorded
U0163,6.733333333333333,5.8,6.6,0.9801980198019802,0.0053041018387552,NORMAL,10.0,30,0,5,35,LOW,NO_KNOWN_CHANGE,No legitimate context recorded,0.0,0,35,35,LOW,10 anomalous events detected | Gradual behavioral change detected | No known legitimate context recorded
U0164,5.533333333333333,5.0,7.0,1.2650602409638554,0.0174268502581755,LOW SHIFT,3.0,10,0,5,15,LOW,NO_KNOWN_CHANGE,No legitimate context recorded,0.0,0,15,15,LOW,3 anomalous event(s) detected | Gradual behavioral change detected | No known legitimate context recorded
U0165,5.333333333333333,5.8,4.4,0.8250000000000001,-0.0120535714285713,NORMAL,4.0,10,0,0,10,LOW,NO_KNOWN_CHANGE,No legitimate context recorded,0.0,0,10,10,LOW,4 anomalous event(s) detected | No known legitimate context recorded
U0166,4.0,4.8,4.8,1.2,0.0142857142857143,LOW SHIFT,4.0,10,0,5,15,LOW,NO_KNOWN_CHANGE,No legitimate context recorded,0.0,0,15,15,LOW,4 anomalous event(s) detected | Gradual behavioral change detected | No known legitimate context recorded
U0167,5.8,6.2,6.6,1.137931034482759,0.0030788177339901,NORMAL,9.0,30,0,5,35,LOW,NO_KNOWN_CHANGE,No legitimate context recorded,0.0,0,35,35,LOW,9 anomalous events detected | Gradual behavioral change detected | No known legitimate context recorded
U0168,5.066666666666666,4.2,5.4,1.0657894736842106,0.0204417293233082,LOW SHIFT,3.0,10,0,5,15,LOW,NO_KNOWN_CHANGE,No legitimate context recorded,0.0,0,15,15,LOW,3 anomalous event(s) detected | Gradual behavioral change detected | No known legitimate context recorded
U0169,5.466666666666667,5.4,4.2,0.7682926829268293,-0.0039198606271777,NORMAL,5.0,20,0,0,20,LOW,NO_KNOWN_CHANGE,No legitimate context recorded,0.0,0,20,20,LOW,5 anomalous events detected | No known legitimate context recorded
U0170,6.333333333333333,6.2,5.0,0.7894736842105263,-0.0084586466165412,NORMAL,3.0,10,0,0,10,LOW,NO_KNOWN_CHANGE,No legitimate context recorded,0.0,0,10,10,LOW,3 anomalous event(s) detected | No known legitimate context recorded
U0171,7.066666666666666,5.6,4.2,0.5943396226415095,-0.0262803234501348,NORMAL,7.0,20,0,0,20,LOW,NO_KNOWN_CHANGE,No legitimate context recorded,0.0,0,20,20,LOW,7 anomalous events detected | No known legitimate context recorded
U0172,6.533333333333333,4.8,4.4,0.6734693877551021,-0.0235058309037901,NORMAL,8.0,30,0,0,30,LOW,NO_KNOWN_CHANGE,No legitimate context recorded,0.0,0,30,30,LOW,8 anomalous events detected | No known legitimate context recorded
U0173,5.733333333333333,6.2,2.4,0.4186046511627906,-0.0585548172757474,NORMAL,4.0,10,0,0,10,LOW,NO_KNOWN_CHANGE,No legitimate context recorded,0.0,0,10,10,LOW,4 anomalous event(s) detected | No known legitimate context recorded
U0174,6.6,5.0,4.0,0.6060606060606061,-0.0286796536796536,NORMAL,8.0,30,0,0,30,LOW,NO_KNOWN_CHANGE,No legitimate context recorded,0.0,0,30,30,LOW,8 anomalous events detected | No known legitimate context recorded
U0175,4.4,5.6,3.8,0.8636363636363635,-0.0397727272727271,NORMAL,9.0,30,0,0,30,LOW,NO_KNOWN_CHANGE,No legitimate context recorded,0.0,0,30,30,LOW,9 anomalous events detected | No known legitimate context recorded
U0176,8.066666666666666,7.6,7.2,0.8925619834710744,-0.0168240850059031,NORMAL,6.0,20,0,0,20,LOW,NO_KNOWN_CHANGE,No legitimate context recorded,0.0,0,20,20,LOW,6 anomalous events detected | No known legitimate context recorded
U0177,3.6666666666666665,6.6,6.8,1.8545454545454545,0.0175324675324676,MEDIUM SHIFT,3.0,10,10,5,25,LOW,NO_KNOWN_CHANGE,No legitimate context recorded,0.0,0,25,25,LOW,3 anomalous event(s) detected | Gradual behavioral change detected | No known legitimate context recorded
U0178,4.8,4.4,4.8,1.0,0.0104166666666667,LOW SHIFT,3.0,10,0,5,15,LOW,NO_KNOWN_CHANGE,No legitimate context recorded,0.0,0,15,15,LOW,3 anomalous event(s) detected | Gradual behavioral change detected | No known legitimate context recorded
U0179,5.866666666666666,3.8,6.4,1.090909090909091,0.0328733766233765,LOW SHIFT,2.0,10,0,5,15,LOW,NO_KNOWN_CHANGE,No legitimate context recorded,0.0,0,15,15,LOW,2 anomalous event(s) detected | Gradual behavioral change detected | No known legitimate context recorded
U0180,5.333333333333333,7.0,5.4,1.0125000000000002,-0.0194196428571428,NORMAL,1.0,0,0,0,0,LOW,NO_KNOWN_CHANGE,No legitimate context recorded,0.0,0,0,0,LOW,1 anomalous event(s) detected | No known legitimate context recorded
U0181,6.0,4.0,6.4,1.0666666666666669,0.0279761904761904,LOW SHIFT,3.0,10,0,5,15,LOW,NO_KNOWN_CHANGE,No legitimate context recorded,0.0,0,15,15,LOW,3 anomalous event(s) detected | Gradual behavioral change detected | No known legitimate context recorded
U0182,5.0,7.2,7.2,1.44,-0.0014285714285714,LOW SHIFT,8.0,30,0,0,30,LOW,NO_KNOWN_CHANGE,No legitimate context recorded,0.0,0,30,30,LOW,8 anomalous events detected | No known legitimate context recorded
U0183,4.4,5.2,5.0,1.1363636363636362,-0.0032467532467532,NORMAL,2.0,10,0,0,10,LOW,NO_KNOWN_CHANGE,No legitimate context recorded,0.0,0,10,10,LOW,2 anomalous event(s) detected | No known legitimate context recorded
U0184,4.533333333333333,4.6,4.8,1.0588235294117647,0.0118172268907563,LOW SHIFT,1.0,0,0,5,5,LOW,NO_KNOWN_CHANGE,No legitimate context recorded,0.0,0,5,5,LOW,1 anomalous event(s) detected | Gradual behavioral change detected | No known legitimate context recorded
U0185,6.266666666666667,8.6,4.6,0.7340425531914894,-0.0535714285714285,NORMAL,8.0,30,0,0,30,LOW,NO_KNOWN_CHANGE,No legitimate context recorded,0.0,0,30,30,LOW,8 anomalous events detected | No known legitimate context recorded
U0186,5.0,5.2,6.8,1.36,0.0199999999999999,LOW SHIFT,4.0,10,0,5,15,LOW,NO_KNOWN_CHANGE,No legitimate context recorded,0.0,0,15,15,LOW,4 anomalous event(s) detected | Gradual behavioral change detected | No known legitimate context recorded
U0187,5.333333333333333,4.8,4.6,0.8624999999999999,-0.0113839285714284,NORMAL,1.0,0,0,0,0,LOW,NO_KNOWN_CHANGE,No legitimate context recorded,0.0,0,0,0,LOW,1 anomalous event(s) detected | No known legitimate context recorded
U0188,5.8,6.2,4.6,0.793103448275862,-0.0123152709359605,NORMAL,6.0,20,0,0,20,LOW,NO_KNOWN_CHANGE,No legitimate context recorded,0.0,0,20,20,LOW,6 anomalous events detected | No known legitimate context recorded
U0189,4.866666666666666,6.4,5.0,1.0273972602739727,-0.038160469667319,NORMAL,5.0,20,0,0,20,LOW,NO_KNOWN_CHANGE,No legitimate context recorded,0.0,0,20,20,LOW,5 anomalous events detected | No known legitimate context recorded
U0190,5.533333333333333,7.2,6.4,1.1566265060240966,-0.0090361445783131,NORMAL,5.0,20,0,0,20,LOW,NO_KNOWN_CHANGE,No legitimate context recorded,0.0,0,20,20,LOW,5 anomalous events detected | No known legitimate context recorded
U0191,5.066666666666666,6.0,5.4,1.0657894736842106,-0.0373590225563909,NORMAL,5.0,20,0,0,20,LOW,NO_KNOWN_CHANGE,No legitimate context recorded,0.0,0,20,20,LOW,5 anomalous events detected | No known legitimate context recorded
U0192,5.133333333333334,4.6,6.2,1.2077922077922076,0.0166975881261595,LOW SHIFT,2.0,10,0,5,15,LOW,NO_KNOWN_CHANGE,No legitimate context recorded,0.0,0,15,15,LOW,2 anomalous event(s) detected | Gradual behavioral change detected | No known legitimate context recorded
U0193,4.866666666666666,6.0,6.4,1.315068493150685,0.0007338551859099,NORMAL,5.0,20,0,5,25,LOW,NO_KNOWN_CHANGE,No legitimate context recorded,0.0,0,25,25,LOW,5 anomalous events detected | Gradual behavioral change detected | No known legitimate context recorded
U0194,6.0,6.4,5.0,0.8333333333333334,-0.0107142857142856,NORMAL,4.0,10,0,0,10,LOW,NO_KNOWN_CHANGE,No legitimate context recorded,0.0,0,10,10,LOW,4 anomalous event(s) detected | No known legitimate context recorded
U0195,4.933333333333334,3.8,5.8,1.1756756756756757,0.0412644787644786,LOW SHIFT,4.0,10,0,5,15,LOW,NO_KNOWN_CHANGE,No legitimate context recorded,0.0,0,15,15,LOW,4 anomalous event(s) detected | Gradual behavioral change detected | No known legitimate context recorded
U0196,5.0,6.6,5.2,1.04,-0.0242857142857142,NORMAL,6.0,20,0,0,20,LOW,NO_KNOWN_CHANGE,No legitimate context recorded,0.0,0,20,20,LOW,6 anomalous events detected | No known legitimate context recorded
U0197,4.733333333333333,6.0,5.0,1.056338028169014,-0.0256539235412474,NORMAL,4.0,10,0,0,10,LOW,NO_KNOWN_CHANGE,No legitimate context recorded,0.0,0,10,10,LOW,4 anomalous event(s) detected | No known legitimate context recorded
U0198,6.666666666666667,3.8,5.8,0.8699999999999999,0.0375,LOW SHIFT,5.0,20,0,5,25,LOW,NO_KNOWN_CHANGE,No legitimate context recorded,0.0,0,25,25,LOW,5 anomalous events detected | Gradual behavioral change detected | No known legitimate context recorded
U0199,3.733333333333333,4.0,4.4,1.1785714285714286,0.0143494897959183,LOW SHIFT,8.0,30,0,5,35,LOW,NO_KNOWN_CHANGE,No legitimate context recorded,0.0,0,35,35,LOW,8 anomalous events detected | Gradual behavioral change detected | No known legitimate context recorded
U0200,6.2,7.6,5.6,0.9032258064516128,-0.0276497695852533,NORMAL,4.0,10,0,0,10,LOW,NO_KNOWN_CHANGE,No legitimate context recorded,0.0,0,10,10,LOW,4 anomalous event(s) detected | No known legitimate context recorded
U0201,5.2,4.8,4.2,0.8076923076923077,-0.0226648351648352,NORMAL,6.0,20,0,0,20,LOW,NO_KNOWN_CHANGE,No legitimate context recorded,0.0,0,20,20,LOW,6 anomalous events detected | No known legitimate context recorded
U0202,5.066666666666666,4.0,7.8,1.5394736842105263,0.0606203007518796,LOW SHIFT,5.0,20,10,5,35,LOW,NO_KNOWN_CHANGE,No legitimate context recorded,0.0,0,35,35,LOW,5 anomalous events detected | Gradual behavioral change detected | No known legitimate context recorded
U0203,6.466666666666667,3.4,5.0,0.7731958762886598,0.012702503681885,LOW SHIFT,7.0,20,0,5,25,LOW,NO_KNOWN_CHANGE,No legitimate context recorded,0.0,0,25,25,LOW,7 anomalous events detected | Gradual behavioral change detected | No known legitimate context recorded
U0204,5.066666666666666,6.0,5.2,1.0263157894736843,-0.0225563909774436,NORMAL,5.0,20,0,0,20,LOW,NO_KNOWN_CHANGE,No legitimate context recorded,0.0,0,20,20,LOW,5 anomalous events detected | No known legitimate context recorded
U0205,5.8,3.4,4.8,0.8275862068965517,0.0283251231527093,LOW SHIFT,8.0,30,0,5,35,LOW,NO_KNOWN_CHANGE,No legitimate context recorded,0.0,0,35,35,LOW,8 anomalous events detected | Gradual behavioral change detected | No known legitimate context recorded
U0206,5.866666666666666,6.4,2.8,0.4772727272727273,-0.0505275974025973,NORMAL,4.0,10,0,0,10,LOW,NO_KNOWN_CHANGE,No legitimate context recorded,0.0,0,10,10,LOW,4 anomalous event(s) detected | No known legitimate context recorded
U0207,6.133333333333334,5.8,6.0,0.9782608695652172,0.0064052795031056,NORMAL,9.0,30,0,5,35,LOW,NO_KNOWN_CHANGE,No legitimate context recorded,0.0,0,35,35,LOW,9 anomalous events detected | Gradual behavioral change detected | No known legitimate context recorded
U0208,4.666666666666667,7.2,7.2,1.5428571428571427,0.0038265306122448,LOW SHIFT,3.0,10,10,5,25,LOW,NO_KNOWN_CHANGE,No legitimate context recorded,0.0,0,25,25,LOW,3 anomalous event(s) detected | Gradual behavioral change detected | No known legitimate context recorded
U0209,5.6,5.6,6.4,1.142857142857143,0.0025510204081631,NORMAL,2.0,10,0,5,15,LOW,NO_KNOWN_CHANGE,No legitimate context recorded,0.0,0,15,15,LOW,2 anomalous event(s) detected | Gradual behavioral change detected | No known legitimate context recorded
U0210,5.466666666666667,5.6,5.0,0.9146341463414634,-0.0104529616724738,NORMAL,2.0,10,0,0,10,LOW,NO_KNOWN_CHANGE,No legitimate context recorded,0.0,0,10,10,LOW,2 anomalous event(s) detected | No known legitimate context recorded
U0211,5.133333333333334,5.4,5.2,1.0129870129870129,-0.0229591836734693,NORMAL,4.0,10,0,0,10,LOW,NO_KNOWN_CHANGE,No legitimate context recorded,0.0,0,10,10,LOW,4 anomalous event(s) detected | No known legitimate context recorded
U0212,6.0,7.8,6.8,1.1333333333333333,-0.0178571428571428,NORMAL,7.0,20,0,0,20,LOW,NO_KNOWN_CHANGE,No legitimate context recorded,0.0,0,20,20,LOW,7 anomalous events detected | No known legitimate context recorded
U0213,4.4,3.8,5.6,1.2727272727272725,0.0430194805194804,LOW SHIFT,7.0,20,0,5,25,LOW,NO_KNOWN_CHANGE,No legitimate context recorded,0.0,0,25,25,LOW,7 anomalous events detected | Gradual behavioral change detected | No known legitimate context recorded
U0214,5.533333333333333,3.2,5.8,1.0481927710843373,0.04776247848537,LOW SHIFT,6.0,20,0,5,25,LOW,NO_KNOWN_CHANGE,No legitimate context recorded,0.0,0,25,25,LOW,6 anomalous events detected | Gradual behavioral change detected | No known legitimate context recorded
U0215,5.666666666666667,4.4,4.4,0.7764705882352941,0.011344537815126,LOW SHIFT,2.0,10,0,5,15,LOW,NO_KNOWN_CHANGE,No legitimate context recorded,0.0,0,15,15,LOW,2 anomalous event(s) detected | Gradual behavioral change detected | No known legitimate context recorded
U0216,4.133333333333334,7.4,6.0,1.4516129032258065,-0.02073732718894,LOW SHIFT,10.0,30,0,0,30,LOW,NO_KNOWN_CHANGE,No legitimate context recorded,0.0,0,30,30,LOW,10 anomalous events detected | No known legitimate context recorded
U0217,6.6,6.2,4.2,0.6363636363636365,-0.0232683982683982,NORMAL,4.0,10,0,0,10,LOW,NO_KNOWN_CHANGE,No legitimate context recorded,0.0,0,10,10,LOW,4 anomalous event(s) detected | No known legitimate context recorded
U0218,5.0,5.4,8.2,1.64,0.0528571428571428,LOW SHIFT,7.0,20,10,5,35,LOW,NO_KNOWN_CHANGE,No legitimate context recorded,0.0,0,35,35,LOW,7 anomalous events detected | Gradual behavioral change detected | No known legitimate context recorded
U0219,5.666666666666667,3.6,4.8,0.8470588235294116,0.0132352941176471,LOW SHIFT,3.0,10,0,5,15,LOW,NO_KNOWN_CHANGE,No legitimate context recorded,0.0,0,15,15,LOW,3 anomalous event(s) detected | Gradual behavioral change detected | No known legitimate context recorded
U0220,4.266666666666667,7.4,5.0,1.171875,-0.0753348214285713,NORMAL,1.0,0,0,0,0,LOW,NO_KNOWN_CHANGE,No legitimate context recorded,0.0,0,0,0,LOW,1 anomalous event(s) detected | No known legitimate context recorded
U0221,3.733333333333333,6.2,6.2,1.6607142857142858,0.0057397959183674,LOW SHIFT,5.0,20,10,5,35,LOW,NO_KNOWN_CHANGE,No legitimate context recorded,0.0,0,35,35,LOW,5 anomalous events detected | Gradual behavioral change detected | No known legitimate context recorded
U0222,6.0,2.8,5.2,0.8666666666666667,0.0351190476190476,LOW SHIFT,8.0,30,0,5,35,LOW,NO_KNOWN_CHANGE,No legitimate context recorded,0.0,0,35,35,LOW,8 anomalous events detected | Gradual behavioral change detected | No known legitimate context recorded
U0223,5.066666666666666,4.8,4.6,0.9078947368421052,-0.019031954887218,NORMAL,6.0,20,0,0,20,LOW,NO_KNOWN_CHANGE,No legitimate context recorded,0.0,0,20,20,LOW,6 anomalous events detected | No known legitimate context recorded
U0224,5.6,6.0,3.4,0.6071428571428572,-0.044642857142857,NORMAL,2.0,10,0,0,10,LOW,NO_KNOWN_CHANGE,No legitimate context recorded,0.0,0,10,10,LOW,2 anomalous event(s) detected | No known legitimate context recorded
U0225,6.333333333333333,5.8,7.0,1.105263157894737,0.0129699248120301,LOW SHIFT,5.0,20,0,5,25,LOW,NO_KNOWN_CHANGE,No legitimate context recorded,0.0,0,25,25,LOW,5 anomalous events detected | Gradual behavioral change detected | No known legitimate context recorded
U0226,6.933333333333334,4.4,6.8,0.9807692307692308,0.0376030219780219,LOW SHIFT,6.0,20,0,5,25,LOW,NO_KNOWN_CHANGE,No legitimate context recorded,0.0,0,25,25,LOW,6 anomalous events detected | Gradual behavioral change detected | No known legitimate context recorded
U0227,6.266666666666667,5.6,6.6,1.053191489361702,0.0216565349544073,LOW SHIFT,5.0,20,0,5,25,LOW,NO_KNOWN_CHANGE,No legitimate context recorded,0.0,0,25,25,LOW,5 anomalous events detected | Gradual behavioral change detected | No known legitimate context recorded
U0228,6.466666666666667,6.4,6.4,0.9896907216494846,0.0082842415316642,NORMAL,2.0,10,0,5,15,LOW,NO_KNOWN_CHANGE,No legitimate context recorded,0.0,0,15,15,LOW,2 anomalous event(s) detected | Gradual behavioral change detected | No known legitimate context recorded
U0229,6.666666666666667,4.8,4.0,0.6,-0.0182142857142856,NORMAL,5.0,20,0,0,20,LOW,NO_KNOWN_CHANGE,No legitimate context recorded,0.0,0,20,20,LOW,5 anomalous events detected | No known legitimate context recorded
U0230,6.466666666666667,4.4,3.0,0.4639175257731959,-0.0281664212076583,NORMAL,8.0,30,0,0,30,LOW,NO_KNOWN_CHANGE,No legitimate context recorded,0.0,0,30,30,LOW,8 anomalous events detected | No known legitimate context recorded
U0231,5.6,7.4,7.0,1.25,-0.0095663265306122,NORMAL,3.0,10,0,0,10,LOW,NO_KNOWN_CHANGE,No legitimate context recorded,0.0,0,10,10,LOW,3 anomalous event(s) detected | No known legitimate context recorded
U0232,5.0,4.6,6.6,1.3199999999999998,0.0364285714285714,LOW SHIFT,5.0,20,0,5,25,LOW,NO_KNOWN_CHANGE,No legitimate context recorded,0.0,0,25,25,LOW,5 anomalous events detected | Gradual behavioral change detected | No known legitimate context recorded
U0233,6.266666666666667,4.0,5.0,0.7978723404255319,0.0096884498480243,NORMAL,8.0,30,0,5,35,LOW,NO_KNOWN_CHANGE,No legitimate context recorded,0.0,0,35,35,LOW,8 anomalous events detected | Gradual behavioral change detected | No known legitimate context recorded
U0234,5.8,5.6,5.8,1.0,0.0123152709359606,LOW SHIFT,6.0,20,0,5,25,LOW,NO_KNOWN_CHANGE,No legitimate context recorded,0.0,0,25,25,LOW,6 anomalous events detected | Gradual behavioral change detected | No known legitimate context recorded
U0235,6.333333333333333,4.6,5.2,0.8210526315789475,0.0011278195488721,NORMAL,8.0,30,0,5,35,LOW,NO_KNOWN_CHANGE,No legitimate context recorded,0.0,0,35,35,LOW,8 anomalous events detected | Gradual behavioral change detected | No known legitimate context recorded
U0236,6.6,7.0,3.4,0.5151515151515151,-0.0443722943722943,NORMAL,4.0,10,0,0,10,LOW,NO_KNOWN_CHANGE,No legitimate context recorded,0.0,0,10,10,LOW,4 anomalous event(s) detected | No known legitimate context recorded
U0237,4.666666666666667,6.8,6.4,1.3714285714285714,-0.0061224489795918,LOW SHIFT,3.0,10,0,0,10,LOW,NO_KNOWN_CHANGE,No legitimate context recorded,0.0,0,10,10,LOW,3 anomalous event(s) detected | No known legitimate context recorded
U0238,4.2,7.6,7.4,1.761904761904762,-0.0136054421768708,LOW SHIFT,10.0,30,10,0,40,MEDIUM,NO_KNOWN_CHANGE,No legitimate context recorded,0.0,0,40,40,MEDIUM,10 anomalous events detected | No known legitimate context recorded
U0239,5.133333333333334,7.0,4.6,0.896103896103896,-0.0549628942486085,NORMAL,3.0,10,0,0,10,LOW,NO_KNOWN_CHANGE,No legitimate context recorded,0.0,0,10,10,LOW,3 anomalous event(s) detected | No known legitimate context recorded
U0240,5.266666666666667,4.8,4.8,0.9113924050632912,-0.0094936708860759,NORMAL,2.0,10,0,0,10,LOW,NO_KNOWN_CHANGE,No legitimate context recorded,0.0,0,10,10,LOW,2 anomalous event(s) detected | No known legitimate context recorded
U0241,4.933333333333334,4.4,7.8,1.581081081081081,0.0666023166023165,LOW SHIFT,3.0,10,10,5,25,LOW,NO_KNOWN_CHANGE,No legitimate context recorded,0.0,0,25,25,LOW,3 anomalous event(s) detected | Gradual behavioral change detected | No known legitimate context recorded
U0242,6.533333333333333,7.2,6.8,1.0408163265306123,-0.0147594752186589,NORMAL,2.0,10,0,0,10,LOW,NO_KNOWN_CHANGE,No legitimate context recorded,0.0,0,10,10,LOW,2 anomalous event(s) detected | No known legitimate context recorded
U0243,5.333333333333333,5.4,3.2,0.6000000000000001,-0.0220982142857142,NORMAL,4.0,10,0,0,10,LOW,NO_KNOWN_CHANGE,No legitimate context recorded,0.0,0,10,10,LOW,4 anomalous event(s) detected | No known legitimate context recorded
U0244,4.333333333333333,5.6,7.0,1.6153846153846154,0.0321428571428569,LOW SHIFT,10.0,30,10,5,45,MEDIUM,NO_KNOWN_CHANGE,No legitimate context recorded,0.0,0,45,45,MEDIUM,10 anomalous events detected | Gradual behavioral change detected | No known legitimate context recorded
U0245,5.0,7.2,5.0,1.0,-0.0342857142857143,NORMAL,3.0,10,0,0,10,LOW,NO_KNOWN_CHANGE,No legitimate context recorded,0.0,0,10,10,LOW,3 anomalous event(s) detected | No known legitimate context recorded
U0246,5.4,5.0,5.4,1.0,0.0112433862433862,LOW SHIFT,6.0,20,0,5,25,LOW,NO_KNOWN_CHANGE,No legitimate context recorded,0.0,0,25,25,LOW,6 anomalous events detected | Gradual behavioral change detected | No known legitimate context recorded
U0247,5.933333333333334,5.2,2.6,0.4382022471910112,-0.0385232744783306,NORMAL,4.0,10,0,0,10,LOW,NO_KNOWN_CHANGE,No legitimate context recorded,0.0,0,10,10,LOW,4 anomalous event(s) detected | No known legitimate context recorded
U0248,6.4,5.6,5.4,0.84375,0.0022321428571429,NORMAL,6.0,20,0,5,25,LOW,NO_KNOWN_CHANGE,No legitimate context recorded,0.0,0,25,25,LOW,6 anomalous events detected | Gradual behavioral change detected | No known legitimate context recorded
U0249,5.466666666666667,5.6,4.6,0.8414634146341463,-0.0065331010452961,NORMAL,3.0,10,0,0,10,LOW,NO_KNOWN_CHANGE,No legitimate context recorded,0.0,0,10,10,LOW,3 anomalous event(s) detected | No known legitimate context recorded
U0250,5.933333333333334,5.8,5.4,0.9101123595505618,0.0018057784911717,NORMAL,8.0,30,0,5,35,LOW,NO_KNOWN_CHANGE,No legitimate context recorded,0.0,0,35,35,LOW,8 anomalous events detected | Gradual behavioral change detected | No known legitimate context recorded
U0251,5.066666666666666,3.8,6.2,1.223684210526316,0.0267857142857142,LOW SHIFT,10.0,30,0,5,35,LOW,NO_KNOWN_CHANGE,No legitimate context recorded,0.0,0,35,35,LOW,10 anomalous events detected | Gradual behavioral change detected | No known legitimate context recorded
U0252,6.4,4.6,4.2,0.65625,0.0055803571428571,NORMAL,5.0,20,0,5,25,LOW,NO_KNOWN_CHANGE,No legitimate context recorded,0.0,0,25,25,LOW,5 anomalous events detected | Gradual behavioral change detected | No known legitimate context recorded
U0253,5.266666666666667,6.4,6.6,1.2531645569620251,-0.0047468354430379,NORMAL,4.0,10,0,0,10,LOW,NO_KNOWN_CHANGE,No legitimate context recorded,0.0,0,10,10,LOW,4 anomalous event(s) detected | No known legitimate context recorded
U0254,6.333333333333333,5.8,5.6,0.8842105263157894,0.0078947368421052,NORMAL,2.0,10,0,5,15,LOW,NO_KNOWN_CHANGE,No legitimate context recorded,0.0,0,15,15,LOW,2 anomalous event(s) detected | Gradual behavioral change detected | No known legitimate context recorded
U0255,5.4,5.4,6.2,1.148148148148148,0.0145502645502646,LOW SHIFT,5.0,20,0,5,25,LOW,NO_KNOWN_CHANGE,No legitimate context recorded,0.0,0,25,25,LOW,5 anomalous events detected | Gradual behavioral change detected | No known legitimate context recorded
U0256,4.266666666666667,5.4,6.8,1.59375,0.0284598214285714,LOW SHIFT,5.0,20,10,5,35,LOW,NO_KNOWN_CHANGE,No legitimate context recorded,0.0,0,35,35,LOW,5 anomalous events detected | Gradual behavioral change detected | No known legitimate context recorded
U0257,5.733333333333333,5.2,5.6,0.9767441860465116,0.0149501661129568,LOW SHIFT,5.0,20,0,5,25,LOW,NO_KNOWN_CHANGE,No legitimate context recorded,0.0,0,25,25,LOW,5 anomalous events detected | Gradual behavioral change detected | No known legitimate context recorded
U0258,5.2,5.4,5.4,1.0384615384615383,-0.0020604395604394,NORMAL,5.0,20,0,0,20,LOW,NO_KNOWN_CHANGE,No legitimate context recorded,0.0,0,20,20,LOW,5 anomalous events detected | No known legitimate context recorded
U0259,6.066666666666666,6.2,5.2,0.8571428571428572,-0.0188383045525902,NORMAL,4.0,10,0,0,10,LOW,NO_KNOWN_CHANGE,No legitimate context recorded,0.0,0,10,10,LOW,4 anomalous event(s) detected | No known legitimate context recorded
U0260,8.133333333333333,4.8,6.0,0.7377049180327869,0.0074648711943794,NORMAL,15.0,30,0,5,35,LOW,NO_KNOWN_CHANGE,No legitimate context recorded,0.0,0,35,35,LOW,15 anomalous events detected | Gradual behavioral change detected | No known legitimate context recorded
U0261,4.933333333333334,4.4,4.4,0.8918918918918919,-0.0028957528957527,NORMAL,5.0,20,0,0,20,LOW,NO_KNOWN_CHANGE,No legitimate context recorded,0.0,0,20,20,LOW,5 anomalous events detected | No known legitimate context recorded
U0262,5.0,6.4,4.8,0.96,-0.017142857142857,NORMAL,4.0,10,0,0,10,LOW,NO_KNOWN_CHANGE,No legitimate context recorded,0.0,0,10,10,LOW,4 anomalous event(s) detected | No known legitimate context recorded
U0263,5.4,6.8,4.6,0.8518518518518517,-0.0462962962962962,NORMAL,5.0,20,0,0,20,LOW,NO_KNOWN_CHANGE,No legitimate context recorded,0.0,0,20,20,LOW,5 anomalous events detected | No known legitimate context recorded
U0264,6.933333333333334,4.8,4.4,0.6346153846153847,0.0020604395604395,NORMAL,9.0,30,0,5,35,LOW,NO_KNOWN_CHANGE,No legitimate context recorded,0.0,0,35,35,LOW,9 anomalous events detected | Gradual behavioral change detected | No known legitimate context recorded
U0265,4.266666666666667,6.4,4.4,1.03125,-0.0301339285714286,NORMAL,1.0,0,0,0,0,LOW,NO_KNOWN_CHANGE,No legitimate context recorded,0.0,0,0,0,LOW,1 anomalous event(s) detected | No known legitimate context recorded
U0266,5.0,6.0,7.8,1.56,0.0207142857142856,LOW SHIFT,3.0,10,10,5,25,LOW,NO_KNOWN_CHANGE,No legitimate context recorded,0.0,0,25,25,LOW,3 anomalous event(s) detected | Gradual behavioral change detected | No known legitimate context recorded
U0267,6.266666666666667,5.0,2.6,0.4148936170212766,-0.0319148936170212,NORMAL,8.0,30,0,0,30,LOW,NO_KNOWN_CHANGE,No legitimate context recorded,0.0,0,30,30,LOW,8 anomalous events detected | No known legitimate context recorded
U0268,6.066666666666666,7.0,4.4,0.7252747252747254,-0.0417974882260596,NORMAL,6.0,20,0,0,20,LOW,NO_KNOWN_CHANGE,No legitimate context recorded,0.0,0,20,20,LOW,6 anomalous events detected | No known legitimate context recorded
U0269,6.0,7.0,7.0,1.1666666666666667,-0.0089285714285714,NORMAL,5.0,20,0,0,20,LOW,NO_KNOWN_CHANGE,No legitimate context recorded,0.0,0,20,20,LOW,5 anomalous events detected | No known legitimate context recorded
U0270,6.666666666666667,5.8,4.8,0.72,-0.0235714285714286,NORMAL,7.0,20,0,0,20,LOW,NO_KNOWN_CHANGE,No legitimate context recorded,0.0,0,20,20,LOW,7 anomalous events detected | No known legitimate context recorded
U0271,6.2,4.4,7.0,1.129032258064516,0.0483870967741935,LOW SHIFT,6.0,20,0,5,25,LOW,NO_KNOWN_CHANGE,No legitimate context recorded,0.0,0,25,25,LOW,6 anomalous events detected | Gradual behavioral change detected | No known legitimate context recorded
U0272,5.466666666666667,3.8,6.0,1.0975609756097562,0.0307055749128919,LOW SHIFT,3.0,10,0,5,15,LOW,NO_KNOWN_CHANGE,No legitimate context recorded,0.0,0,15,15,LOW,3 anomalous event(s) detected | Gradual behavioral change detected | No known legitimate context recorded
U0273,5.533333333333333,2.0,3.0,0.5421686746987951,0.0025817555938037,NORMAL,1.0,0,0,5,5,LOW,NO_KNOWN_CHANGE,No legitimate context recorded,0.0,0,5,5,LOW,1 anomalous event(s) detected | Gradual behavioral change detected | No known legitimate context recorded
U0274,5.066666666666666,4.2,5.0,0.986842105263158,0.0155075187969925,LOW SHIFT,5.0,20,0,5,25,LOW,NO_KNOWN_CHANGE,No legitimate context recorded,0.0,0,25,25,LOW,5 anomalous events detected | Gradual behavioral change detected | No known legitimate context recorded
U0275,6.133333333333334,4.4,4.4,0.717391304347826,-0.0005822981366459,NORMAL,3.0,10,0,0,10,LOW,NO_KNOWN_CHANGE,No legitimate context recorded,0.0,0,10,10,LOW,3 anomalous event(s) detected | No known legitimate context recorded
U0276,5.6,5.6,6.6,1.1785714285714286,0.0019132653061223,NORMAL,7.0,20,0,5,25,LOW,NO_KNOWN_CHANGE,No legitimate context recorded,0.0,0,25,25,LOW,7 anomalous events detected | Gradual behavioral change detected | No known legitimate context recorded
U0277,6.666666666666667,4.2,6.4,0.96,0.0176785714285713,LOW SHIFT,2.0,10,0,5,15,LOW,NO_KNOWN_CHANGE,No legitimate context recorded,0.0,0,15,15,LOW,2 anomalous event(s) detected | Gradual behavioral change detected | No known legitimate context recorded
U0278,5.466666666666667,5.8,6.0,1.0975609756097562,-0.0026132404181185,NORMAL,5.0,20,0,0,20,LOW,NO_KNOWN_CHANGE,No legitimate context recorded,0.0,0,20,20,LOW,5 anomalous events detected | No known legitimate context recorded
U0279,5.8,4.0,6.6,1.137931034482759,0.043103448275862,LOW SHIFT,4.0,10,0,5,15,LOW,NO_KNOWN_CHANGE,No legitimate context recorded,0.0,0,15,15,LOW,4 anomalous event(s) detected | Gradual behavioral change detected | No known legitimate context recorded
U0280,4.266666666666667,3.4,7.0,1.640625,0.054408482142857,LOW SHIFT,4.0,10,10,5,25,LOW,NO_KNOWN_CHANGE,No legitimate context recorded,0.0,0,25,25,LOW,4 anomalous event(s) detected | Gradual behavioral change detected | No known legitimate context recorded
U0281,6.066666666666666,8.0,6.2,1.021978021978022,-0.0453296703296703,NORMAL,4.0,10,0,0,10,LOW,NO_KNOWN_CHANGE,No legitimate context recorded,0.0,0,10,10,LOW,4 anomalous event(s) detected | No known legitimate context recorded
U0282,6.733333333333333,3.8,6.2,0.9207920792079208,0.0360678925035359,LOW SHIFT,7.0,20,0,5,25,LOW,NO_KNOWN_CHANGE,No legitimate context recorded,0.0,0,25,25,LOW,7 anomalous events detected | Gradual behavioral change detected | No known legitimate context recorded
U0283,5.866666666666666,6.0,6.4,1.090909090909091,0.0140016233766233,LOW SHIFT,5.0,20,0,5,25,LOW,NO_KNOWN_CHANGE,No legitimate context recorded,0.0,0,25,25,LOW,5 anomalous events detected | Gradual behavioral change detected | No known legitimate context recorded
U0284,5.4,5.4,4.6,0.8518518518518517,-0.0158730158730157,NORMAL,4.0,10,0,0,10,LOW,NO_KNOWN_CHANGE,No legitimate context recorded,0.0,0,10,10,LOW,4 anomalous event(s) detected | No known legitimate context recorded
U0285,5.866666666666666,6.4,5.8,0.9886363636363636,-0.0097402597402597,NORMAL,4.0,10,0,0,10,LOW,NO_KNOWN_CHANGE,No legitimate context recorded,0.0,0,10,10,LOW,4 anomalous event(s) detected | No known legitimate context recorded
U0286,6.066666666666666,3.8,4.8,0.7912087912087912,0.0188383045525903,LOW SHIFT,9.0,30,0,5,35,LOW,NO_KNOWN_CHANGE,No legitimate context recorded,0.0,0,35,35,LOW,9 anomalous events detected | Gradual behavioral change detected | No known legitimate context recorded
U0287,5.866666666666666,2.8,4.0,0.6818181818181819,0.0304383116883117,LOW SHIFT,6.0,20,0,5,25,LOW,NO_KNOWN_CHANGE,No legitimate context recorded,0.0,0,25,25,LOW,6 anomalous events detected | Gradual behavioral change detected | No known legitimate context recorded
U0288,5.2,3.6,4.6,0.8846153846153845,0.0123626373626373,LOW SHIFT,4.0,10,0,5,15,LOW,NO_KNOWN_CHANGE,No legitimate context recorded,0.0,0,15,15,LOW,4 anomalous event(s) detected | Gradual behavioral change detected | No known legitimate context recorded
U0289,5.333333333333333,5.8,5.2,0.975,-0.0187499999999999,NORMAL,2.0,10,0,0,10,LOW,NO_KNOWN_CHANGE,No legitimate context recorded,0.0,0,10,10,LOW,2 anomalous event(s) detected | No known legitimate context recorded
U0290,5.866666666666666,2.8,5.6,0.9545454545454546,0.0273944805194805,LOW SHIFT,7.0,20,0,5,25,LOW,NO_KNOWN_CHANGE,No legitimate context recorded,0.0,0,25,25,LOW,7 anomalous events detected | Gradual behavioral change detected | No known legitimate context recorded
U0291,6.333333333333333,3.8,8.0,1.2631578947368425,0.0490601503759397,LOW SHIFT,5.0,20,0,5,25,LOW,NO_KNOWN_CHANGE,No legitimate context recorded,0.0,0,25,25,LOW,5 anomalous events detected | Gradual behavioral change detected | No known legitimate context recorded
U0292,5.533333333333333,6.2,4.4,0.7951807228915664,-0.0329173838209982,NORMAL,1.0,0,0,0,0,LOW,NO_KNOWN_CHANGE,No legitimate context recorded,0.0,0,0,0,LOW,1 anomalous event(s) detected | No known legitimate context recorded
U0293,5.8,7.0,6.2,1.0689655172413794,-0.0147783251231527,NORMAL,6.0,20,0,0,20,LOW,NO_KNOWN_CHANGE,No legitimate context recorded,0.0,0,20,20,LOW,6 anomalous events detected | No known legitimate context recorded
U0294,5.4,6.8,5.2,0.9629629629629628,-0.0264550264550264,NORMAL,2.0,10,0,0,10,LOW,NO_KNOWN_CHANGE,No legitimate context recorded,0.0,0,10,10,LOW,2 anomalous event(s) detected | No known legitimate context recorded
U0295,5.066666666666666,6.8,2.6,0.5131578947368421,-0.0648496240601502,NORMAL,7.0,20,0,0,20,LOW,NO_KNOWN_CHANGE,No legitimate context recorded,0.0,0,20,20,LOW,7 anomalous events detected | No known legitimate context recorded
U0296,4.866666666666666,7.0,4.0,0.8219178082191781,-0.0645792563600781,NORMAL,4.0,10,0,0,10,LOW,NO_KNOWN_CHANGE,No legitimate context recorded,0.0,0,10,10,LOW,4 anomalous event(s) detected | No known legitimate context recorded
U0297,6.266666666666667,4.6,6.8,1.0851063829787233,0.0461626139817629,LOW SHIFT,7.0,20,0,5,25,LOW,NO_KNOWN_CHANGE,No legitimate context recorded,0.0,0,25,25,LOW,7 anomalous events detected | Gradual behavioral change detected | No known legitimate context recorded
U0298,5.4,5.2,6.0,1.111111111111111,-0.0066137566137567,NORMAL,11.0,30,0,0,30,LOW,NO_KNOWN_CHANGE,No legitimate context recorded,0.0,0,30,30,LOW,11 anomalous events detected | No known legitimate context recorded
U0299,5.0,3.2,4.4,0.8800000000000001,0.0164285714285714,LOW SHIFT,7.0,20,0,5,25,LOW,NO_KNOWN_CHANGE,No legitimate context recorded,0.0,0,25,25,LOW,7 anomalous events detected | Gradual behavioral change detected | No known legitimate context recorded
U0300,5.866666666666666,5.4,2.0,0.3409090909090909,-0.0462662337662337,NORMAL,9.0,30,0,0,30,LOW,NO_KNOWN_CHANGE,No legitimate context recorded,0.0,0,30,30,LOW,9 anomalous events detected | No known legitimate context recorded
U0301,4.8,7.0,5.8,1.2083333333333333,-0.0238095238095237,NORMAL,5.0,20,0,0,20,LOW,NO_KNOWN_CHANGE,No legitimate context recorded,0.0,0,20,20,LOW,5 anomalous events detected | No known legitimate context recorded
U0302,4.466666666666667,4.2,5.2,1.164179104477612,0.0215884861407249,LOW SHIFT,3.0,10,0,5,15,LOW,NO_KNOWN_CHANGE,No legitimate context recorded,0.0,0,15,15,LOW,3 anomalous event(s) detected | Gradual behavioral change detected | No known legitimate context recorded
U0303,5.266666666666667,3.4,5.0,0.949367088607595,0.0318716094032549,LOW SHIFT,7.0,20,0,5,25,LOW,NO_KNOWN_CHANGE,No legitimate context recorded,0.0,0,25,25,LOW,7 anomalous events detected | Gradual behavioral change detected | No known legitimate context recorded
U0304,5.6,5.2,6.2,1.1071428571428572,0.0108418367346938,LOW SHIFT,6.0,20,0,5,25,LOW,NO_KNOWN_CHANGE,No legitimate context recorded,0.0,0,25,25,LOW,6 anomalous events detected | Gradual behavioral change detected | No known legitimate context recorded
U0305,5.6,5.8,5.8,1.0357142857142858,-0.0006377551020408,NORMAL,3.0,10,0,0,10,LOW,NO_KNOWN_CHANGE,No legitimate context recorded,0.0,0,10,10,LOW,3 anomalous event(s) detected | No known legitimate context recorded
U0306,5.2,7.4,5.6,1.0769230769230769,-0.0460164835164835,NORMAL,6.0,20,0,0,20,LOW,NO_KNOWN_CHANGE,No legitimate context recorded,0.0,0,20,20,LOW,6 anomalous events detected | No known legitimate context recorded
U0307,6.2,3.6,8.2,1.3225806451612905,0.0564516129032258,LOW SHIFT,4.0,10,0,5,15,LOW,NO_KNOWN_CHANGE,No legitimate context recorded,0.0,0,15,15,LOW,4 anomalous event(s) detected | Gradual behavioral change detected | No known legitimate context recorded
U0308,6.666666666666667,5.6,5.2,0.78,-0.0080357142857143,NORMAL,5.0,20,0,0,20,LOW,NO_KNOWN_CHANGE,No legitimate context recorded,0.0,0,20,20,LOW,5 anomalous events detected | No known legitimate context recorded
U0309,6.466666666666667,3.2,4.2,0.6494845360824743,0.0160162002945508,LOW SHIFT,2.0,10,0,5,15,LOW,NO_KNOWN_CHANGE,No legitimate context recorded,0.0,0,15,15,LOW,2 anomalous event(s) detected | Gradual behavioral change detected | No known legitimate context recorded
U0310,4.466666666666667,6.4,6.0,1.343283582089552,-0.0175906183368869,NORMAL,2.0,10,0,0,10,LOW,NO_KNOWN_CHANGE,No legitimate context recorded,0.0,0,10,10,LOW,2 anomalous event(s) detected | No known legitimate context recorded
U0311,4.333333333333333,5.0,5.2,1.2000000000000002,0.0296703296703296,LOW SHIFT,1.0,0,0,5,5,LOW,NO_KNOWN_CHANGE,No legitimate context recorded,0.0,0,5,5,LOW,1 anomalous event(s) detected | Gradual behavioral change detected | No known legitimate context recorded
U0312,6.333333333333333,3.8,6.6,1.0421052631578946,0.0473684210526315,LOW SHIFT,7.0,20,0,5,25,LOW,NO_KNOWN_CHANGE,No legitimate context recorded,0.0,0,25,25,LOW,7 anomalous events detected | Gradual behavioral change detected | No known legitimate context recorded
U0313,4.866666666666666,5.4,6.0,1.2328767123287672,-3.6644818769943276e-17,NORMAL,0.0,0,0,0,0,LOW,NO_KNOWN_CHANGE,No legitimate context recorded,0.0,0,0,0,LOW,No known legitimate context recorded
U0314,6.933333333333334,6.6,5.2,0.75,-0.0298763736263736,NORMAL,8.0,30,0,0,30,LOW,NO_KNOWN_CHANGE,No legitimate context recorded,0.0,0,30,30,LOW,8 anomalous events detected | No known legitimate context recorded
U0315,5.733333333333333,5.0,4.4,0.7674418604651163,-0.0099667774086378,NORMAL,3.0,10,0,0,10,LOW,NO_KNOWN_CHANGE,No legitimate context recorded,0.0,0,10,10,LOW,3 anomalous event(s) detected | No known legitimate context recorded
U0316,6.0,6.4,3.8,0.6333333333333333,-0.0273809523809523,NORMAL,4.0,10,0,0,10,LOW,NO_KNOWN_CHANGE,No legitimate context recorded,0.0,0,10,10,LOW,4 anomalous event(s) detected | No known legitimate context recorded
U0317,5.333333333333333,5.8,7.4,1.3875000000000002,0.0247767857142856,LOW SHIFT,2.0,10,0,5,15,LOW,NO_KNOWN_CHANGE,No legitimate context recorded,0.0,0,15,15,LOW,2 anomalous event(s) detected | Gradual behavioral change detected | No known legitimate context recorded
U0318,6.533333333333333,5.0,6.2,0.9489795918367347,0.0038265306122448,NORMAL,6.0,20,0,5,25,LOW,NO_KNOWN_CHANGE,No legitimate context recorded,0.0,0,25,25,LOW,6 anomalous events detected | Gradual behavioral change detected | No known legitimate context recorded
U0319,5.8,4.6,6.6,1.137931034482759,0.0498768472906403,LOW SHIFT,9.0,30,0,5,35,LOW,NO_KNOWN_CHANGE,No legitimate context recorded,0.0,0,35,35,LOW,9 anomalous events detected | Gradual behavioral change detected | No known legitimate context recorded
U0320,5.866666666666666,4.4,6.8,1.1590909090909092,0.034090909090909,LOW SHIFT,6.0,20,0,5,25,LOW,NO_KNOWN_CHANGE,No legitimate context recorded,0.0,0,25,25,LOW,6 anomalous events detected | Gradual behavioral change detected | No known legitimate context recorded
U0321,6.2,6.2,6.0,0.9677419354838708,-0.0017281105990783,NORMAL,5.0,20,0,0,20,LOW,NO_KNOWN_CHANGE,No legitimate context recorded,0.0,0,20,20,LOW,5 anomalous events detected | No known legitimate context recorded
U0322,5.4,3.6,6.4,1.1851851851851851,0.0515873015873015,LOW SHIFT,7.0,20,0,5,25,LOW,NO_KNOWN_CHANGE,No legitimate context recorded,0.0,0,25,25,LOW,7 anomalous events detected | Gradual behavioral change detected | No known legitimate context recorded
U0323,4.733333333333333,5.6,5.6,1.1830985915492958,-0.0150905432595573,NORMAL,8.0,30,0,0,30,LOW,NO_KNOWN_CHANGE,No legitimate context recorded,0.0,0,30,30,LOW,8 anomalous events detected | No known legitimate context recorded
U0324,6.2,7.2,4.4,0.7096774193548387,-0.0334101382488478,NORMAL,5.0,20,0,0,20,LOW,NO_KNOWN_CHANGE,No legitimate context recorded,0.0,0,20,20,LOW,5 anomalous events detected | No known legitimate context recorded
U0325,5.2,5.2,7.0,1.346153846153846,0.0247252747252746,LOW SHIFT,1.0,0,0,5,5,LOW,NO_KNOWN_CHANGE,No legitimate context recorded,0.0,0,5,5,LOW,1 anomalous event(s) detected | Gradual behavioral change detected | No known legitimate context recorded
U0326,5.0,4.6,2.8,0.5599999999999999,-0.0328571428571427,NORMAL,4.0,10,0,0,10,LOW,NO_KNOWN_CHANGE,No legitimate context recorded,0.0,0,10,10,LOW,4 anomalous event(s) detected | No known legitimate context recorded
U0327,5.666666666666667,4.4,4.2,0.7411764705882353,6.195393190619053e-17,NORMAL,3.0,10,0,5,15,LOW,NO_KNOWN_CHANGE,No legitimate context recorded,0.0,0,15,15,LOW,3 anomalous event(s) detected | Gradual behavioral change detected | No known legitimate context recorded
U0328,5.666666666666667,7.0,5.6,0.988235294117647,-0.0233193277310923,NORMAL,5.0,20,0,0,20,LOW,NO_KNOWN_CHANGE,No legitimate context recorded,0.0,0,20,20,LOW,5 anomalous events detected | No known legitimate context recorded
U0329,4.8,6.2,7.8,1.625,0.009672619047619,LOW SHIFT,3.0,10,10,5,25,LOW,NO_KNOWN_CHANGE,No legitimate context recorded,0.0,0,25,25,LOW,3 anomalous event(s) detected | Gradual behavioral change detected | No known legitimate context recorded
U0330,5.2,5.0,5.2,1.0,0.0212912087912087,LOW SHIFT,6.0,20,0,5,25,LOW,NO_KNOWN_CHANGE,No legitimate context recorded,0.0,0,25,25,LOW,6 anomalous events detected | Gradual behavioral change detected | No known legitimate context recorded
U0331,4.466666666666667,2.6,6.8,1.5223880597014925,0.085554371002132,LOW SHIFT,4.0,10,10,5,25,LOW,NO_KNOWN_CHANGE,No legitimate context recorded,0.0,0,25,25,LOW,4 anomalous event(s) detected | Gradual behavioral change detected | No known legitimate context recorded
U0332,5.8,5.6,3.4,0.5862068965517241,-0.0424876847290639,NORMAL,9.0,30,0,0,30,LOW,NO_KNOWN_CHANGE,No legitimate context recorded,0.0,0,30,30,LOW,9 anomalous events detected | No known legitimate context recorded
U0333,5.066666666666666,6.2,3.4,0.6710526315789473,-0.0444078947368419,NORMAL,4.0,10,0,0,10,LOW,NO_KNOWN_CHANGE,No legitimate context recorded,0.0,0,10,10,LOW,4 anomalous event(s) detected | No known legitimate context recorded
U0334,5.466666666666667,4.8,5.4,0.9878048780487804,0.0228658536585365,LOW SHIFT,1.0,0,0,5,5,LOW,NO_KNOWN_CHANGE,No legitimate context recorded,0.0,0,5,5,LOW,1 anomalous event(s) detected | Gradual behavioral change detected | No known legitimate context recorded
U0335,6.933333333333334,5.0,5.6,0.8076923076923076,-0.0015453296703296,NORMAL,9.0,30,0,0,30,LOW,NO_KNOWN_CHANGE,No legitimate context recorded,0.0,0,30,30,LOW,9 anomalous events detected | No known legitimate context recorded
U0336,5.8,5.4,4.8,0.8275862068965517,-0.0080049261083743,NORMAL,10.0,30,0,0,30,LOW,NO_KNOWN_CHANGE,No legitimate context recorded,0.0,0,30,30,LOW,10 anomalous events detected | No known legitimate context recorded
U0337,4.733333333333333,7.6,5.4,1.1408450704225352,-0.0248993963782696,NORMAL,2.0,10,0,0,10,LOW,NO_KNOWN_CHANGE,No legitimate context recorded,0.0,0,10,10,LOW,2 anomalous event(s) detected | No known legitimate context recorded
U0338,6.466666666666667,5.6,6.8,1.0515463917525774,0.0215390279823268,LOW SHIFT,4.0,10,0,5,15,LOW,NO_KNOWN_CHANGE,No legitimate context recorded,0.0,0,15,15,LOW,4 anomalous event(s) detected | Gradual behavioral change detected | No known legitimate context recorded
U0339,5.8,7.6,3.0,0.5172413793103449,-0.0720443349753694,NORMAL,7.0,20,0,0,20,LOW,NO_KNOWN_CHANGE,No legitimate context recorded,0.0,0,20,20,LOW,7 anomalous events detected | No known legitimate context recorded
U0340,5.733333333333333,3.2,9.0,1.569767441860465,0.1021594684385381,LOW SHIFT,6.0,20,10,5,35,LOW,NO_KNOWN_CHANGE,No legitimate context recorded,0.0,0,35,35,LOW,6 anomalous events detected | Gradual behavioral change detected | No known legitimate context recorded
U0341,4.666666666666667,4.6,6.8,1.457142857142857,0.0397959183673468,LOW SHIFT,4.0,10,0,5,15,LOW,NO_KNOWN_CHANGE,No legitimate context recorded,0.0,0,15,15,LOW,4 anomalous event(s) detected | Gradual behavioral change detected | No known legitimate context recorded
U0342,5.466666666666667,6.0,3.4,0.6219512195121951,-0.0463850174216026,NORMAL,6.0,20,0,0,20,LOW,NO_KNOWN_CHANGE,No legitimate context recorded,0.0,0,20,20,LOW,6 anomalous events detected | No known legitimate context recorded
U0343,5.8,6.6,3.6,0.6206896551724138,-0.0443349753694581,NORMAL,7.0,20,0,0,20,LOW,NO_KNOWN_CHANGE,No legitimate context recorded,0.0,0,20,20,LOW,7 anomalous events detected | No known legitimate context recorded
U0344,4.733333333333333,6.8,7.4,1.563380281690141,0.0067907444668007,LOW SHIFT,4.0,10,10,5,25,LOW,NO_KNOWN_CHANGE,No legitimate context recorded,0.0,0,25,25,LOW,4 anomalous event(s) detected | Gradual behavioral change detected | No known legitimate context recorded
U0345,6.133333333333334,5.8,3.6,0.5869565217391304,-0.0262034161490682,NORMAL,3.0,10,0,0,10,LOW,NO_KNOWN_CHANGE,No legitimate context recorded,0.0,0,10,10,LOW,3 anomalous event(s) detected | No known legitimate context recorded
U0346,5.666666666666667,6.0,4.6,0.8117647058823528,-0.013235294117647,NORMAL,6.0,20,0,0,20,LOW,NO_KNOWN_CHANGE,No legitimate context recorded,0.0,0,20,20,LOW,6 anomalous events detected | No known legitimate context recorded
U0347,5.4,3.8,2.4,0.4444444444444444,-0.0277777777777777,NORMAL,7.0,20,0,0,20,LOW,NO_KNOWN_CHANGE,No legitimate context recorded,0.0,0,20,20,LOW,7 anomalous events detected | No known legitimate context recorded
U0348,4.733333333333333,4.6,6.4,1.352112676056338,0.0188631790744466,LOW SHIFT,5.0,20,0,5,25,LOW,NO_KNOWN_CHANGE,No legitimate context recorded,0.0,0,25,25,LOW,5 anomalous events detected | Gradual behavioral change detected | No known legitimate context recorded
U0349,5.6,4.8,4.4,0.7857142857142858,-0.0191326530612245,NORMAL,8.0,30,0,0,30,LOW,NO_KNOWN_CHANGE,No legitimate context recorded,0.0,0,30,30,LOW,8 anomalous events detected | No known legitimate context recorded
U0350,4.8,4.2,2.4,0.5,-0.0275297619047618,NORMAL,1.0,0,0,0,0,LOW,NO_KNOWN_CHANGE,No legitimate context recorded,0.0,0,0,0,LOW,1 anomalous event(s) detected | No known legitimate context recorded
U0351,4.133333333333334,4.4,6.0,1.4516129032258065,0.0336981566820277,LOW SHIFT,4.0,10,0,5,15,LOW,NO_KNOWN_CHANGE,No legitimate context recorded,0.0,0,15,15,LOW,4 anomalous event(s) detected | Gradual behavioral change detected | No known legitimate context recorded
U0352,4.733333333333333,6.6,6.2,1.3098591549295775,-0.0279175050301811,NORMAL,4.0,10,0,0,10,LOW,NO_KNOWN_CHANGE,No legitimate context recorded,0.0,0,10,10,LOW,4 anomalous event(s) detected | No known legitimate context recorded
U0353,5.2,7.4,6.2,1.1923076923076923,-0.0116758241758241,NORMAL,9.0,30,0,0,30,LOW,NO_KNOWN_CHANGE,No legitimate context recorded,0.0,0,30,30,LOW,9 anomalous events detected | No known legitimate context recorded
U0354,6.133333333333334,5.8,4.2,0.6847826086956521,-0.016304347826087,NORMAL,4.0,10,0,0,10,LOW,NO_KNOWN_CHANGE,No legitimate context recorded,0.0,0,10,10,LOW,4 anomalous event(s) detected | No known legitimate context recorded
U0355,4.266666666666667,3.8,6.4,1.5,0.0661272321428571,LOW SHIFT,7.0,20,10,5,35,LOW,NO_KNOWN_CHANGE,No legitimate context recorded,0.0,0,35,35,LOW,7 anomalous events detected | Gradual behavioral change detected | No known legitimate context recorded
U0356,6.333333333333333,5.2,5.4,0.8526315789473685,-0.000563909774436,NORMAL,3.0,10,0,0,10,LOW,NO_KNOWN_CHANGE,No legitimate context recorded,0.0,0,10,10,LOW,3 anomalous event(s) detected | No known legitimate context recorded
U0357,6.066666666666666,7.4,6.6,1.0879120879120878,-0.005298273155416,NORMAL,0.0,0,0,0,0,LOW,NO_KNOWN_CHANGE,No legitimate context recorded,0.0,0,0,0,LOW,No known legitimate context recorded
U0358,5.733333333333333,5.6,4.2,0.7325581395348837,-0.0342607973421927,NORMAL,7.0,20,0,0,20,LOW,NO_KNOWN_CHANGE,No legitimate context recorded,0.0,0,20,20,LOW,7 anomalous events detected | No known legitimate context recorded
U0359,4.0,5.2,5.6,1.4,0.0044642857142857,LOW SHIFT,7.0,20,0,5,25,LOW,NO_KNOWN_CHANGE,No legitimate context recorded,0.0,0,25,25,LOW,7 anomalous events detected | Gradual behavioral change detected | No known legitimate context recorded
U0360,5.933333333333334,6.2,2.2,0.3707865168539326,-0.0583868378812198,NORMAL,5.0,20,0,0,20,LOW,NO_KNOWN_CHANGE,No legitimate context recorded,0.0,0,20,20,LOW,5 anomalous events detected | No known legitimate context recorded
U0361,4.866666666666666,5.4,3.8,0.7808219178082192,-0.0278864970645792,NORMAL,6.0,20,0,0,20,LOW,NO_KNOWN_CHANGE,No legitimate context recorded,0.0,0,20,20,LOW,6 anomalous events detected | No known legitimate context recorded
U0362,5.533333333333333,6.6,4.8,0.8674698795180723,-0.0322719449225473,NORMAL,6.0,20,0,0,20,LOW,NO_KNOWN_CHANGE,No legitimate context recorded,0.0,0,20,20,LOW,6 anomalous events detected | No known legitimate context recorded
U0363,6.4,6.2,6.8,1.0625,-2.510840764577024e-17,NORMAL,3.0,10,0,0,10,LOW,NO_KNOWN_CHANGE,No legitimate context recorded,0.0,0,10,10,LOW,3 anomalous event(s) detected | No known legitimate context recorded
U0364,4.2,6.6,5.0,1.1904761904761905,-0.0331632653061225,NORMAL,4.0,10,0,0,10,LOW,NO_KNOWN_CHANGE,No legitimate context recorded,0.0,0,10,10,LOW,4 anomalous event(s) detected | No known legitimate context recorded
U0365,5.8,4.0,5.6,0.9655172413793104,0.0178571428571428,LOW SHIFT,4.0,10,0,5,15,LOW,NO_KNOWN_CHANGE,No legitimate context recorded,0.0,0,15,15,LOW,4 anomalous event(s) detected | Gradual behavioral change detected | No known legitimate context recorded
U0366,5.466666666666667,5.0,5.8,1.0609756097560976,-0.0039198606271777,NORMAL,5.0,20,0,0,20,LOW,NO_KNOWN_CHANGE,No legitimate context recorded,0.0,0,20,20,LOW,5 anomalous events detected | No known legitimate context recorded
U0367,4.333333333333333,3.0,7.6,1.7538461538461538,0.1013736263736262,MEDIUM SHIFT,5.0,20,10,5,35,LOW,NO_KNOWN_CHANGE,No legitimate context recorded,0.0,0,35,35,LOW,5 anomalous events detected | Gradual behavioral change detected | No known legitimate context recorded
U0368,4.866666666666666,6.8,5.4,1.1095890410958906,-0.0271526418786692,NORMAL,3.0,10,0,0,10,LOW,NO_KNOWN_CHANGE,No legitimate context recorded,0.0,0,10,10,LOW,3 anomalous event(s) detected | No known legitimate context recorded
U0369,5.533333333333333,6.2,4.6,0.8313253012048192,-0.0193631669535283,NORMAL,2.0,10,0,0,10,LOW,NO_KNOWN_CHANGE,No legitimate context recorded,0.0,0,10,10,LOW,2 anomalous event(s) detected | No known legitimate context recorded
U0370,6.466666666666667,4.8,5.8,0.8969072164948453,0.0309278350515464,LOW SHIFT,5.0,20,0,5,25,LOW,NO_KNOWN_CHANGE,No legitimate context recorded,0.0,0,25,25,LOW,5 anomalous events detected | Gradual behavioral change detected | No known legitimate context recorded
U0371,5.666666666666667,4.0,5.6,0.988235294117647,0.0176470588235292,LOW SHIFT,6.0,20,0,5,25,LOW,NO_KNOWN_CHANGE,No legitimate context recorded,0.0,0,25,25,LOW,6 anomalous events detected | Gradual behavioral change detected | No known legitimate context recorded
U0372,6.733333333333333,4.6,4.6,0.6831683168316831,0.0068953323903818,NORMAL,6.0,20,0,5,25,LOW,NO_KNOWN_CHANGE,No legitimate context recorded,0.0,0,25,25,LOW,6 anomalous events detected | Gradual behavioral change detected | No known legitimate context recorded
U0373,4.266666666666667,4.0,2.8,0.65625,-0.0259486607142856,NORMAL,5.0,20,0,0,20,LOW,NO_KNOWN_CHANGE,No legitimate context recorded,0.0,0,20,20,LOW,5 anomalous events detected | No known legitimate context recorded
U0374,5.4,4.8,7.2,1.3333333333333333,0.0343915343915342,LOW SHIFT,6.0,20,0,5,25,LOW,NO_KNOWN_CHANGE,No legitimate context recorded,0.0,0,25,25,LOW,6 anomalous events detected | Gradual behavioral change detected | No known legitimate context recorded
U0375,4.866666666666666,6.4,6.4,1.315068493150685,-0.0095401174168296,NORMAL,4.0,10,0,0,10,LOW,NO_KNOWN_CHANGE,No legitimate context recorded,0.0,0,10,10,LOW,4 anomalous event(s) detected | No known legitimate context recorded
U0376,4.4,5.8,7.4,1.6818181818181817,0.0308441558441559,LOW SHIFT,10.0,30,10,5,45,MEDIUM,NO_KNOWN_CHANGE,No legitimate context recorded,0.0,0,45,45,MEDIUM,10 anomalous events detected | Gradual behavioral change detected | No known legitimate context recorded
U0377,5.733333333333333,5.8,6.2,1.0813953488372092,0.0199335548172758,LOW SHIFT,8.0,30,0,5,35,LOW,NO_KNOWN_CHANGE,No legitimate context recorded,0.0,0,35,35,LOW,8 anomalous events detected | Gradual behavioral change detected | No known legitimate context recorded
U0378,5.533333333333333,5.2,4.2,0.7590361445783133,-0.0329173838209983,NORMAL,6.0,20,0,0,20,LOW,NO_KNOWN_CHANGE,No legitimate context recorded,0.0,0,20,20,LOW,6 anomalous events detected | No known legitimate context recorded
U0379,5.333333333333333,6.4,5.2,0.975,-0.0053571428571427,NORMAL,2.0,10,0,0,10,LOW,NO_KNOWN_CHANGE,No legitimate context recorded,0.0,0,10,10,LOW,2 anomalous event(s) detected | No known legitimate context recorded
U0380,6.8,6.6,3.8,0.5588235294117647,-0.0341386554621848,NORMAL,9.0,30,0,0,30,LOW,NO_KNOWN_CHANGE,No legitimate context recorded,0.0,0,30,30,LOW,9 anomalous events detected | No known legitimate context recorded
U0381,5.133333333333334,4.2,4.8,0.9350649350649348,0.032699443413729,LOW SHIFT,5.0,20,0,5,25,LOW,NO_KNOWN_CHANGE,No legitimate context recorded,0.0,0,25,25,LOW,5 anomalous events detected | Gradual behavioral change detected | No known legitimate context recorded
U0382,4.4,7.6,5.2,1.1818181818181817,-0.049512987012987,NORMAL,8.0,30,0,0,30,LOW,NO_KNOWN_CHANGE,No legitimate context recorded,0.0,0,30,30,LOW,8 anomalous events detected | No known legitimate context recorded
U0383,5.6,4.4,5.2,0.9285714285714288,0.0140306122448979,LOW SHIFT,7.0,20,0,5,25,LOW,NO_KNOWN_CHANGE,No legitimate context recorded,0.0,0,25,25,LOW,7 anomalous events detected | Gradual behavioral change detected | No known legitimate context recorded
U0384,6.2,6.8,3.4,0.5483870967741935,-0.0443548387096773,NORMAL,4.0,10,0,0,10,LOW,NO_KNOWN_CHANGE,No legitimate context recorded,0.0,0,10,10,LOW,4 anomalous event(s) detected | No known legitimate context recorded
U0385,5.6,8.0,3.8,0.6785714285714286,-0.0746173469387754,NORMAL,3.0,10,0,0,10,LOW,NO_KNOWN_CHANGE,No legitimate context recorded,0.0,0,10,10,LOW,3 anomalous event(s) detected | No known legitimate context recorded
U0386,4.8,2.8,4.8,1.0,0.0238095238095238,LOW SHIFT,7.0,20,0,5,25,LOW,NO_KNOWN_CHANGE,No legitimate context recorded,0.0,0,25,25,LOW,7 anomalous events detected | Gradual behavioral change detected | No known legitimate context recorded
U0387,6.333333333333333,3.0,4.2,0.6631578947368422,0.0140977443609022,LOW SHIFT,7.0,20,0,5,25,LOW,NO_KNOWN_CHANGE,No legitimate context recorded,0.0,0,25,25,LOW,7 anomalous events detected | Gradual behavioral change detected | No known legitimate context recorded
U0388,4.933333333333334,4.4,7.4,1.5,0.0687741312741313,LOW SHIFT,4.0,10,10,5,25,LOW,NO_KNOWN_CHANGE,No legitimate context recorded,0.0,0,25,25,LOW,4 anomalous event(s) detected | Gradual behavioral change detected | No known legitimate context recorded
U0389,5.133333333333334,5.4,4.0,0.7792207792207791,-0.0153061224489796,NORMAL,4.0,10,0,0,10,LOW,NO_KNOWN_CHANGE,No legitimate context recorded,0.0,0,10,10,LOW,4 anomalous event(s) detected | No known legitimate context recorded
U0390,6.6,5.0,5.2,0.787878787878788,-0.0091991341991342,NORMAL,4.0,10,0,0,10,LOW,NO_KNOWN_CHANGE,No legitimate context recorded,0.0,0,10,10,LOW,4 anomalous event(s) detected | No known legitimate context recorded
U0391,6.0,6.2,6.6,1.1,0.0238095238095238,LOW SHIFT,6.0,20,0,5,25,LOW,NO_KNOWN_CHANGE,No legitimate context recorded,0.0,0,25,25,LOW,6 anomalous events detected | Gradual behavioral change detected | No known legitimate context recorded
U0392,5.933333333333334,3.8,6.8,1.146067415730337,0.0397271268057784,LOW SHIFT,3.0,10,0,5,15,LOW,NO_KNOWN_CHANGE,No legitimate context recorded,0.0,0,15,15,LOW,3 anomalous event(s) detected | Gradual behavioral change detected | No known legitimate context recorded
U0393,4.866666666666666,6.8,7.4,1.5205479452054798,0.0110078277886497,LOW SHIFT,8.0,30,10,5,45,MEDIUM,NO_KNOWN_CHANGE,No legitimate context recorded,0.0,0,45,45,MEDIUM,8 anomalous events detected | Gradual behavioral change detected | No known legitimate context recorded
U0394,5.6,6.4,5.8,1.0357142857142858,0.0051020408163266,NORMAL,9.0,30,0,5,35,LOW,NO_KNOWN_CHANGE,No legitimate context recorded,0.0,0,35,35,LOW,9 anomalous events detected | Gradual behavioral change detected | No known legitimate context recorded
U0395,5.6,7.2,3.6,0.6428571428571429,-0.0554846938775509,NORMAL,3.0,10,0,0,10,LOW,NO_KNOWN_CHANGE,No legitimate context recorded,0.0,0,10,10,LOW,3 anomalous event(s) detected | No known legitimate context recorded
U0396,5.733333333333333,6.2,5.0,0.872093023255814,-0.003737541528239,NORMAL,4.0,10,0,0,10,LOW,NO_KNOWN_CHANGE,No legitimate context recorded,0.0,0,10,10,LOW,4 anomalous event(s) detected | No known legitimate context recorded
U0397,5.733333333333333,5.4,5.2,0.9069767441860466,-0.0174418604651162,NORMAL,8.0,30,0,0,30,LOW,NO_KNOWN_CHANGE,No legitimate context recorded,0.0,0,30,30,LOW,8 anomalous events detected | No known legitimate context recorded
U0398,6.0,7.6,6.4,1.0666666666666669,-0.025,NORMAL,4.0,10,0,0,10,LOW,NO_KNOWN_CHANGE,No legitimate context recorded,0.0,0,10,10,LOW,4 anomalous event(s) detected | No known legitimate context recorded
U0399,4.4,6.0,4.8,1.0909090909090908,-0.0073051948051946,NORMAL,7.0,20,0,0,20,LOW,NO_KNOWN_CHANGE,No legitimate context recorded,0.0,0,20,20,LOW,7 anomalous events detected | No known legitimate context recorded
U0400,7.066666666666666,6.6,7.6,1.0754716981132075,0.0242587601078166,LOW SHIFT,4.0,10,0,5,15,LOW,NO_KNOWN_CHANGE,No legitimate context recorded,0.0,0,15,15,LOW,4 anomalous event(s) detected | Gradual behavioral change detected | No known legitimate context recorded
U0401,4.733333333333333,5.2,5.0,1.056338028169014,0.0128269617706237,LOW SHIFT,2.0,10,0,5,15,LOW,NO_KNOWN_CHANGE,No legitimate context recorded,0.0,0,15,15,LOW,2 anomalous event(s) detected | Gradual behavioral change detected | No known legitimate context recorded
U0402,3.6,7.0,4.6,1.2777777777777777,-0.0615079365079365,NORMAL,8.0,30,0,0,30,LOW,NO_KNOWN_CHANGE,No legitimate context recorded,0.0,0,30,30,LOW,8 anomalous events detected | No known legitimate context recorded
U0403,5.933333333333334,5.8,5.0,0.8426966292134831,0.0102327447833065,LOW SHIFT,5.0,20,0,5,25,LOW,NO_KNOWN_CHANGE,No legitimate context recorded,0.0,0,25,25,LOW,5 anomalous events detected | Gradual behavioral change detected | No known legitimate context recorded
U0404,6.666666666666667,4.6,5.0,0.75,-7.947792392308982e-17,NORMAL,3.0,10,0,0,10,LOW,NO_KNOWN_CHANGE,No legitimate context recorded,0.0,0,10,10,LOW,3 anomalous event(s) detected | No known legitimate context recorded
U0405,5.266666666666667,7.6,3.6,0.6835443037974683,-0.0603526220614828,NORMAL,5.0,20,0,0,20,LOW,NO_KNOWN_CHANGE,No legitimate context recorded,0.0,0,20,20,LOW,5 anomalous events detected | No known legitimate context recorded
U0406,5.0,5.8,4.6,0.92,-0.0042857142857142,NORMAL,5.0,20,0,0,20,LOW,NO_KNOWN_CHANGE,No legitimate context recorded,0.0,0,20,20,LOW,5 anomalous events detected | No known legitimate context recorded
U0407,6.533333333333333,3.0,6.0,0.9183673469387756,0.0388119533527696,LOW SHIFT,3.0,10,0,5,15,LOW,NO_KNOWN_CHANGE,No legitimate context recorded,0.0,0,15,15,LOW,3 anomalous event(s) detected | Gradual behavioral change detected | No known legitimate context recorded
U0408,6.266666666666667,5.8,5.0,0.7978723404255319,-0.0119680851063829,NORMAL,5.0,20,0,0,20,LOW,NO_KNOWN_CHANGE,No legitimate context recorded,0.0,0,20,20,LOW,5 anomalous events detected | No known legitimate context recorded
U0409,6.533333333333333,7.2,7.8,1.1938775510204085,0.0158527696793002,LOW SHIFT,1.0,0,0,5,5,LOW,NO_KNOWN_CHANGE,No legitimate context recorded,0.0,0,5,5,LOW,1 anomalous event(s) detected | Gradual behavioral change detected | No known legitimate context recorded
U0410,5.2,6.2,4.8,0.923076923076923,-0.0240384615384615,NORMAL,1.0,0,0,0,0,LOW,NO_KNOWN_CHANGE,No legitimate context recorded,0.0,0,0,0,LOW,1 anomalous event(s) detected | No known legitimate context recorded
U0411,4.866666666666666,4.6,2.6,0.5342465753424658,-0.0425636007827787,NORMAL,7.0,20,0,0,20,LOW,NO_KNOWN_CHANGE,No legitimate context recorded,0.0,0,20,20,LOW,7 anomalous events detected | No known legitimate context recorded
U0412,5.866666666666666,4.0,5.4,0.9204545454545456,0.0231331168831168,LOW SHIFT,3.0,10,0,5,15,LOW,NO_KNOWN_CHANGE,No legitimate context recorded,0.0,0,15,15,LOW,3 anomalous event(s) detected | Gradual behavioral change detected | No known legitimate context recorded
U0413,4.866666666666666,5.8,3.8,0.7808219178082192,-0.0286203522504891,NORMAL,5.0,20,0,0,20,LOW,NO_KNOWN_CHANGE,No legitimate context recorded,0.0,0,20,20,LOW,5 anomalous events detected | No known legitimate context recorded
U0414,5.4,4.4,4.2,0.7777777777777778,-0.001984126984127,NORMAL,2.0,10,0,0,10,LOW,NO_KNOWN_CHANGE,No legitimate context recorded,0.0,0,10,10,LOW,2 anomalous event(s) detected | No known legitimate context recorded
U0415,5.666666666666667,7.2,4.8,0.8470588235294116,-0.0403361344537814,NORMAL,4.0,10,0,0,10,LOW,NO_KNOWN_CHANGE,No legitimate context recorded,0.0,0,10,10,LOW,4 anomalous event(s) detected | No known legitimate context recorded
U0416,4.6,3.2,6.2,1.347826086956522,0.0628881987577639,LOW SHIFT,5.0,20,0,5,25,LOW,NO_KNOWN_CHANGE,No legitimate context recorded,0.0,0,25,25,LOW,5 anomalous events detected | Gradual behavioral change detected | No known legitimate context recorded
U0417,6.2,6.4,5.0,0.8064516129032258,0.0086405529953917,NORMAL,7.0,20,0,5,25,LOW,NO_KNOWN_CHANGE,No legitimate context recorded,0.0,0,25,25,LOW,7 anomalous events detected | Gradual behavioral change detected | No known legitimate context recorded
U0418,5.2,5.6,6.4,1.2307692307692308,0.0171703296703296,LOW SHIFT,5.0,20,0,5,25,LOW,NO_KNOWN_CHANGE,No legitimate context recorded,0.0,0,25,25,LOW,5 anomalous events detected | Gradual behavioral change detected | No known legitimate context recorded
U0419,6.8,6.6,4.8,0.7058823529411765,-0.0031512605042016,NORMAL,8.0,30,0,0,30,LOW,NO_KNOWN_CHANGE,No legitimate context recorded,0.0,0,30,30,LOW,8 anomalous events detected | No known legitimate context recorded
U0420,5.466666666666667,4.0,7.2,1.3170731707317074,0.0489982578397211,LOW SHIFT,4.0,10,0,5,15,LOW,NO_KNOWN_CHANGE,No legitimate context recorded,0.0,0,15,15,LOW,4 anomalous event(s) detected | Gradual behavioral change detected | No known legitimate context recorded
U0421,5.466666666666667,3.8,5.0,0.9146341463414634,0.0091463414634144,NORMAL,6.0,20,0,5,25,LOW,NO_KNOWN_CHANGE,No legitimate context recorded,0.0,0,25,25,LOW,6 anomalous events detected | Gradual behavioral change detected | No known legitimate context recorded
U0422,5.333333333333333,6.8,3.4,0.6375000000000001,-0.0529017857142856,NORMAL,4.0,10,0,0,10,LOW,NO_KNOWN_CHANGE,No legitimate context recorded,0.0,0,10,10,LOW,4 anomalous event(s) detected | No known legitimate context recorded
U0423,6.133333333333334,6.8,5.2,0.8478260869565217,-0.0186335403726707,NORMAL,3.0,10,0,0,10,LOW,NO_KNOWN_CHANGE,No legitimate context recorded,0.0,0,10,10,LOW,3 anomalous event(s) detected | No known legitimate context recorded
U0424,6.533333333333333,5.0,5.8,0.8877551020408163,0.0021865889212827,NORMAL,8.0,30,0,5,35,LOW,NO_KNOWN_CHANGE,No legitimate context recorded,0.0,0,35,35,LOW,8 anomalous events detected | Gradual behavioral change detected | No known legitimate context recorded
U0425,6.2,4.6,4.6,0.7419354838709676,-0.0040322580645161,NORMAL,3.0,10,0,0,10,LOW,NO_KNOWN_CHANGE,No legitimate context recorded,0.0,0,10,10,LOW,3 anomalous event(s) detected | No known legitimate context recorded
U0426,4.733333333333333,3.0,5.8,1.2253521126760565,0.0648893360160964,LOW SHIFT,3.0,10,0,5,15,LOW,NO_KNOWN_CHANGE,No legitimate context recorded,0.0,0,15,15,LOW,3 anomalous event(s) detected | Gradual behavioral change detected | No known legitimate context recorded
U0427,5.6,6.0,6.4,1.142857142857143,0.0031887755102041,NORMAL,8.0,30,0,5,35,LOW,NO_KNOWN_CHANGE,No legitimate context recorded,0.0,0,35,35,LOW,8 anomalous events detected | Gradual behavioral change detected | No known legitimate context recorded
U0428,5.6,4.6,4.6,0.8214285714285714,0.0204081632653061,LOW SHIFT,6.0,20,0,5,25,LOW,NO_KNOWN_CHANGE,No legitimate context recorded,0.0,0,25,25,LOW,6 anomalous events detected | Gradual behavioral change detected | No known legitimate context recorded
U0429,6.933333333333334,3.8,4.6,0.6634615384615384,0.0036057692307692,NORMAL,4.0,10,0,5,15,LOW,NO_KNOWN_CHANGE,No legitimate context recorded,0.0,0,15,15,LOW,4 anomalous event(s) detected | Gradual behavioral change detected | No known legitimate context recorded
U0430,7.133333333333334,6.6,5.4,0.7570093457943925,-0.0190253671562082,NORMAL,5.0,20,0,0,20,LOW,NO_KNOWN_CHANGE,No legitimate context recorded,0.0,0,20,20,LOW,5 anomalous events detected | No known legitimate context recorded
U0431,4.733333333333333,7.6,5.0,1.056338028169014,-0.0414989939637826,NORMAL,3.0,10,0,0,10,LOW,NO_KNOWN_CHANGE,No legitimate context recorded,0.0,0,10,10,LOW,3 anomalous event(s) detected | No known legitimate context recorded
U0432,5.533333333333333,6.6,6.2,1.1204819277108435,0.0077452667814114,NORMAL,6.0,20,0,5,25,LOW,NO_KNOWN_CHANGE,No legitimate context recorded,0.0,0,25,25,LOW,6 anomalous events detected | Gradual behavioral change detected | No known legitimate context recorded
U0433,5.666666666666667,2.8,8.0,1.4117647058823528,0.099579831932773,LOW SHIFT,3.0,10,0,5,15,LOW,NO_KNOWN_CHANGE,No legitimate context recorded,0.0,0,15,15,LOW,3 anomalous event(s) detected | Gradual behavioral change detected | No known legitimate context recorded
U0434,5.4,3.4,5.4,1.0,0.0211640211640211,LOW SHIFT,4.0,10,0,5,15,LOW,NO_KNOWN_CHANGE,No legitimate context recorded,0.0,0,15,15,LOW,4 anomalous event(s) detected | Gradual behavioral change detected | No known legitimate context recorded
U0435,5.6,4.8,4.6,0.8214285714285714,-0.0076530612244898,NORMAL,8.0,30,0,0,30,LOW,NO_KNOWN_CHANGE,No legitimate context recorded,0.0,0,30,30,LOW,8 anomalous events detected | No known legitimate context recorded
U0436,5.733333333333333,4.8,8.2,1.4302325581395348,0.0566860465116277,LOW SHIFT,5.0,20,0,5,25,LOW,NO_KNOWN_CHANGE,No legitimate context recorded,0.0,0,25,25,LOW,5 anomalous events detected | Gradual behavioral change detected | No known legitimate context recorded
U0437,3.733333333333333,4.0,7.0,1.875,0.077487244897959,MEDIUM SHIFT,6.0,20,10,5,35,LOW,NO_KNOWN_CHANGE,No legitimate context recorded,0.0,0,35,35,LOW,6 anomalous events detected | Gradual behavioral change detected | No known legitimate context recorded
U0438,4.866666666666666,7.0,6.8,1.3972602739726028,0.0014677103718199,LOW SHIFT,6.0,20,0,5,25,LOW,NO_KNOWN_CHANGE,No legitimate context recorded,0.0,0,25,25,LOW,6 anomalous events detected | Gradual behavioral change detected | No known legitimate context recorded
U0439,4.8,4.2,7.6,1.5833333333333333,0.0654761904761904,LOW SHIFT,3.0,10,10,5,25,LOW,NO_KNOWN_CHANGE,No legitimate context recorded,0.0,0,25,25,LOW,3 anomalous event(s) detected | Gradual behavioral change detected | No known legitimate context recorded
U0440,6.0,6.4,3.6,0.6,-0.0357142857142855,NORMAL,2.0,10,0,0,10,LOW,NO_KNOWN_CHANGE,No legitimate context recorded,0.0,0,10,10,LOW,2 anomalous event(s) detected | No known legitimate context recorded
U0441,4.666666666666667,7.0,6.2,1.3285714285714283,-0.0045918367346939,NORMAL,5.0,20,0,0,20,LOW,NO_KNOWN_CHANGE,No legitimate context recorded,0.0,0,20,20,LOW,5 anomalous events detected | No known legitimate context recorded
U0442,6.666666666666667,4.2,4.0,0.6,-0.0042857142857142,NORMAL,8.0,30,0,0,30,LOW,NO_KNOWN_CHANGE,No legitimate context recorded,0.0,0,30,30,LOW,8 anomalous events detected | No known legitimate context recorded
U0443,5.0,5.6,5.0,1.0,-0.0028571428571427,NORMAL,4.0,10,0,0,10,LOW,NO_KNOWN_CHANGE,No legitimate context recorded,0.0,0,10,10,LOW,4 anomalous event(s) detected | No known legitimate context recorded
U0444,6.2,6.4,4.8,0.7741935483870968,-0.0190092165898616,NORMAL,5.0,20,0,0,20,LOW,NO_KNOWN_CHANGE,No legitimate context recorded,0.0,0,20,20,LOW,5 anomalous events detected | No known legitimate context recorded
U0445,6.133333333333334,4.8,4.2,0.6847826086956521,-0.0314440993788819,NORMAL,7.0,20,0,0,20,LOW,NO_KNOWN_CHANGE,No legitimate context recorded,0.0,0,20,20,LOW,7 anomalous events detected | No known legitimate context recorded
U0446,5.533333333333333,4.0,4.2,0.7590361445783133,0.0070998278829604,NORMAL,6.0,20,0,5,25,LOW,NO_KNOWN_CHANGE,No legitimate context recorded,0.0,0,25,25,LOW,6 anomalous events detected | Gradual behavioral change detected | No known legitimate context recorded
U0447,5.266666666666667,5.6,4.2,0.7974683544303798,-0.0115280289330921,NORMAL,6.0,20,0,0,20,LOW,NO_KNOWN_CHANGE,No legitimate context recorded,0.0,0,20,20,LOW,6 anomalous events detected | No known legitimate context recorded
U0448,5.4,7.6,6.6,1.222222222222222,-0.0251322751322751,NORMAL,4.0,10,0,0,10,LOW,NO_KNOWN_CHANGE,No legitimate context recorded,0.0,0,10,10,LOW,4 anomalous event(s) detected | No known legitimate context recorded
U0449,6.066666666666666,6.4,3.0,0.4945054945054945,-0.048861852433281,NORMAL,4.0,10,0,0,10,LOW,NO_KNOWN_CHANGE,No legitimate context recorded,0.0,0,10,10,LOW,4 anomalous event(s) detected | No known legitimate context recorded
U0450,5.933333333333334,3.4,7.4,1.247191011235955,0.064406099518459,LOW SHIFT,7.0,20,0,5,25,LOW,NO_KNOWN_CHANGE,No legitimate context recorded,0.0,0,25,25,LOW,7 anomalous events detected | Gradual behavioral change detected | No known legitimate context recorded
U0451,6.266666666666667,7.6,6.8,1.0851063829787233,-0.0039893617021276,NORMAL,2.0,10,0,0,10,LOW,NO_KNOWN_CHANGE,No legitimate context recorded,0.0,0,10,10,LOW,2 anomalous event(s) detected | No known legitimate context recorded
U0452,5.0,5.8,6.2,1.24,0.0078571428571427,NORMAL,1.0,0,0,5,5,LOW,NO_KNOWN_CHANGE,No legitimate context recorded,0.0,0,5,5,LOW,1 anomalous event(s) detected | Gradual behavioral change detected | No known legitimate context recorded
U0453,5.466666666666667,6.4,5.8,1.0609756097560976,0.0045731707317073,NORMAL,4.0,10,0,5,15,LOW,NO_KNOWN_CHANGE,No legitimate context recorded,0.0,0,15,15,LOW,4 anomalous event(s) detected | Gradual behavioral change detected | No known legitimate context recorded
U0454,6.733333333333333,7.0,5.6,0.8316831683168316,-0.0159123055162658,NORMAL,5.0,20,0,0,20,LOW,NO_KNOWN_CHANGE,No legitimate context recorded,0.0,0,20,20,LOW,5 anomalous events detected | No known legitimate context recorded
U0455,6.4,7.4,9.0,1.40625,0.0133928571428571,LOW SHIFT,8.0,30,0,5,35,LOW,NO_KNOWN_CHANGE,No legitimate context recorded,0.0,0,35,35,LOW,8 anomalous events detected | Gradual behavioral change detected | No known legitimate context recorded
U0456,4.733333333333333,3.8,6.2,1.3098591549295775,0.0528169014084506,LOW SHIFT,4.0,10,0,5,15,LOW,NO_KNOWN_CHANGE,No legitimate context recorded,0.0,0,15,15,LOW,4 anomalous event(s) detected | Gradual behavioral change detected | No known legitimate context recorded
U0457,6.133333333333334,3.2,5.0,0.8152173913043478,0.0343555900621117,LOW SHIFT,6.0,20,0,5,25,LOW,NO_KNOWN_CHANGE,No legitimate context recorded,0.0,0,25,25,LOW,6 anomalous events detected | Gradual behavioral change detected | No known legitimate context recorded
U0458,4.8,6.0,5.6,1.1666666666666667,-0.0029761904761905,NORMAL,5.0,20,0,0,20,LOW,NO_KNOWN_CHANGE,No legitimate context recorded,0.0,0,20,20,LOW,5 anomalous events detected | No known legitimate context recorded
U0459,5.133333333333334,5.0,3.8,0.7402597402597402,0.0027829313543599,NORMAL,4.0,10,0,5,15,LOW,NO_KNOWN_CHANGE,No legitimate context recorded,0.0,0,15,15,LOW,4 anomalous event(s) detected | Gradual behavioral change detected | No known legitimate context recorded
U0460,5.733333333333333,6.4,5.0,0.872093023255814,-0.0242940199335548,NORMAL,5.0,20,0,0,20,LOW,NO_KNOWN_CHANGE,No legitimate context recorded,0.0,0,20,20,LOW,5 anomalous events detected | No known legitimate context recorded
U0461,5.2,5.4,6.6,1.2692307692307692,0.0199175824175823,LOW SHIFT,6.0,20,0,5,25,LOW,NO_KNOWN_CHANGE,No legitimate context recorded,0.0,0,25,25,LOW,6 anomalous events detected | Gradual behavioral change detected | No known legitimate context recorded
U0462,5.8,5.0,6.2,1.0689655172413794,-0.0012315270935961,NORMAL,7.0,20,0,0,20,LOW,NO_KNOWN_CHANGE,No legitimate context recorded,0.0,0,20,20,LOW,7 anomalous events detected | No known legitimate context recorded
U0463,6.266666666666667,7.0,4.2,0.6702127659574468,-0.0250759878419451,NORMAL,4.0,10,0,0,10,LOW,NO_KNOWN_CHANGE,No legitimate context recorded,0.0,0,10,10,LOW,4 anomalous event(s) detected | No known legitimate context recorded
U0464,4.933333333333334,8.4,5.4,1.0945945945945943,-0.0622586872586871,NORMAL,4.0,10,0,0,10,LOW,NO_KNOWN_CHANGE,No legitimate context recorded,0.0,0,10,10,LOW,4 anomalous event(s) detected | No known legitimate context recorded
U0465,4.333333333333333,6.8,6.6,1.523076923076923,0.0057692307692309,LOW SHIFT,2.0,10,10,5,25,LOW,NO_KNOWN_CHANGE,No legitimate context recorded,0.0,0,25,25,LOW,2 anomalous event(s) detected | Gradual behavioral change detected | No known legitimate context recorded
U0466,5.066666666666666,4.2,5.8,1.1447368421052633,0.0338345864661654,LOW SHIFT,5.0,20,0,5,25,LOW,NO_KNOWN_CHANGE,No legitimate context recorded,0.0,0,25,25,LOW,5 anomalous events detected | Gradual behavioral change detected | No known legitimate context recorded
U0467,5.2,4.0,3.4,0.6538461538461539,-0.0075549450549449,NORMAL,4.0,10,0,0,10,LOW,NO_KNOWN_CHANGE,No legitimate context recorded,0.0,0,10,10,LOW,4 anomalous event(s) detected | No known legitimate context recorded
U0468,7.0,6.0,5.2,0.7428571428571429,-0.0045918367346938,NORMAL,6.0,20,0,0,20,LOW,NO_KNOWN_CHANGE,No legitimate context recorded,0.0,0,20,20,LOW,6 anomalous events detected | No known legitimate context recorded
U0469,5.933333333333334,6.4,4.6,0.7752808988764044,-0.0306982343499197,NORMAL,2.0,10,0,0,10,LOW,NO_KNOWN_CHANGE,No legitimate context recorded,0.0,0,10,10,LOW,2 anomalous event(s) detected | No known legitimate context recorded
U0470,5.666666666666667,3.6,4.0,0.7058823529411764,0.0119747899159663,LOW SHIFT,4.0,10,0,5,15,LOW,NO_KNOWN_CHANGE,No legitimate context recorded,0.0,0,15,15,LOW,4 anomalous event(s) detected | Gradual behavioral change detected | No known legitimate context recorded
U0471,5.2,3.8,5.8,1.1153846153846154,0.040521978021978,LOW SHIFT,5.0,20,0,5,25,LOW,NO_KNOWN_CHANGE,No legitimate context recorded,0.0,0,25,25,LOW,5 anomalous events detected | Gradual behavioral change detected | No known legitimate context recorded
U0472,5.133333333333334,4.8,3.6,0.7012987012987013,-0.0299165120593691,NORMAL,1.0,0,0,0,0,LOW,NO_KNOWN_CHANGE,No legitimate context recorded,0.0,0,0,0,LOW,1 anomalous event(s) detected | No known legitimate context recorded
U0473,5.8,5.4,5.6,0.9655172413793104,0.001231527093596,NORMAL,4.0,10,0,5,15,LOW,NO_KNOWN_CHANGE,No legitimate context recorded,0.0,0,15,15,LOW,4 anomalous event(s) detected | Gradual behavioral change detected | No known legitimate context recorded
U0474,6.0,3.0,4.2,0.7000000000000001,0.0023809523809524,NORMAL,11.0,30,0,5,35,LOW,NO_KNOWN_CHANGE,No legitimate context recorded,0.0,0,35,35,LOW,11 anomalous events detected | Gradual behavioral change detected | No known legitimate context recorded
U0475,5.466666666666667,6.2,4.8,0.8780487804878049,-0.0248257839721254,NORMAL,4.0,10,0,0,10,LOW,NO_KNOWN_CHANGE,No legitimate context recorded,0.0,0,10,10,LOW,4 anomalous event(s) detected | No known legitimate context recorded
U0476,6.733333333333333,6.6,6.2,0.9207920792079208,-0.010077793493635,NORMAL,5.0,20,0,0,20,LOW,NO_KNOWN_CHANGE,No legitimate context recorded,0.0,0,20,20,LOW,5 anomalous events detected | No known legitimate context recorded
U0477,6.2,7.0,5.6,0.9032258064516128,-0.0339861751152074,NORMAL,7.0,20,0,0,20,LOW,NO_KNOWN_CHANGE,No legitimate context recorded,0.0,0,20,20,LOW,7 anomalous events detected | No known legitimate context recorded
U0478,6.0,6.0,3.4,0.5666666666666667,-0.0464285714285714,NORMAL,6.0,20,0,0,20,LOW,NO_KNOWN_CHANGE,No legitimate context recorded,0.0,0,20,20,LOW,6 anomalous events detected | No known legitimate context recorded
U0479,5.333333333333333,5.6,6.8,1.275,0.0287946428571428,LOW SHIFT,2.0,10,0,5,15,LOW,NO_KNOWN_CHANGE,No legitimate context recorded,0.0,0,15,15,LOW,2 anomalous event(s) detected | Gradual behavioral change detected | No known legitimate context recorded
U0480,5.133333333333334,6.6,4.2,0.8181818181818181,-0.029220779220779,NORMAL,7.0,20,0,0,20,LOW,NO_KNOWN_CHANGE,No legitimate context recorded,0.0,0,20,20,LOW,7 anomalous events detected | No known legitimate context recorded
U0481,5.8,6.0,6.4,1.103448275862069,0.0098522167487684,NORMAL,1.0,0,0,5,5,LOW,NO_KNOWN_CHANGE,No legitimate context recorded,0.0,0,5,5,LOW,1 anomalous event(s) detected | Gradual behavioral change detected | No known legitimate context recorded
U0482,5.333333333333333,5.8,5.4,1.0125000000000002,-0.0046875,NORMAL,3.0,10,0,0,10,LOW,NO_KNOWN_CHANGE,No legitimate context recorded,0.0,0,10,10,LOW,3 anomalous event(s) detected | No known legitimate context recorded
U0483,4.866666666666666,6.2,6.4,1.315068493150685,0.0154109589041096,LOW SHIFT,7.0,20,0,5,25,LOW,NO_KNOWN_CHANGE,No legitimate context recorded,0.0,0,25,25,LOW,7 anomalous events detected | Gradual behavioral change detected | No known legitimate context recorded
U0484,5.933333333333334,3.4,6.6,1.1123595505617976,0.0294943820224718,LOW SHIFT,2.0,10,0,5,15,LOW,NO_KNOWN_CHANGE,No legitimate context recorded,0.0,0,15,15,LOW,2 anomalous event(s) detected | Gradual behavioral change detected | No known legitimate context recorded
U0485,6.333333333333333,3.4,6.0,0.9473684210526316,0.0394736842105263,LOW SHIFT,7.0,20,0,5,25,LOW,NO_KNOWN_CHANGE,No legitimate context recorded,0.0,0,25,25,LOW,7 anomalous events detected | Gradual behavioral change detected | No known legitimate context recorded
U0486,5.266666666666667,2.4,5.8,1.10126582278481,0.0542495479204339,LOW SHIFT,5.0,20,0,5,25,LOW,NO_KNOWN_CHANGE,No legitimate context recorded,0.0,0,25,25,LOW,5 anomalous events detected | Gradual behavioral change detected | No known legitimate context recorded
U0487,6.2,7.0,5.6,0.9032258064516128,-0.0138248847926267,NORMAL,8.0,30,0,0,30,LOW,NO_KNOWN_CHANGE,No legitimate context recorded,0.0,0,30,30,LOW,8 anomalous events detected | No known legitimate context recorded
U0488,4.466666666666667,4.0,8.8,1.970149253731344,0.0887526652452025,MEDIUM SHIFT,1.0,0,10,5,15,LOW,NO_KNOWN_CHANGE,No legitimate context recorded,0.0,0,15,15,LOW,1 anomalous event(s) detected | Gradual behavioral change detected | No known legitimate context recorded
U0489,6.333333333333333,3.6,5.4,0.8526315789473685,0.0484962406015037,LOW SHIFT,4.0,10,0,5,15,LOW,NO_KNOWN_CHANGE,No legitimate context recorded,0.0,0,15,15,LOW,4 anomalous event(s) detected | Gradual behavioral change detected | No known legitimate context recorded
U0490,4.933333333333334,5.2,4.8,0.9729729729729728,-0.0072393822393823,NORMAL,9.0,30,0,0,30,LOW,NO_KNOWN_CHANGE,No legitimate context recorded,0.0,0,30,30,LOW,9 anomalous events detected | No known legitimate context recorded
U0491,6.4,7.2,7.0,1.09375,0.0161830357142857,LOW SHIFT,10.0,30,0,5,35,LOW,NO_KNOWN_CHANGE,No legitimate context recorded,0.0,0,35,35,LOW,10 anomalous events detected | Gradual behavioral change detected | No known legitimate context recorded
U0492,5.2,6.4,5.4,1.0384615384615383,-0.0144230769230769,NORMAL,4.0,10,0,0,10,LOW,NO_KNOWN_CHANGE,No legitimate context recorded,0.0,0,10,10,LOW,4 anomalous event(s) detected | No known legitimate context recorded
U0493,5.466666666666667,5.6,5.0,0.9146341463414634,-0.0241724738675958,NORMAL,1.0,0,0,0,0,LOW,NO_KNOWN_CHANGE,No legitimate context recorded,0.0,0,0,0,LOW,1 anomalous event(s) detected | No known legitimate context recorded
U0494,5.666666666666667,4.6,7.6,1.3411764705882352,0.0352941176470587,LOW SHIFT,5.0,20,0,5,25,LOW,NO_KNOWN_CHANGE,No legitimate context recorded,0.0,0,25,25,LOW,5 anomalous events detected | Gradual behavioral change detected | No known legitimate context recorded
U0495,4.666666666666667,5.8,4.8,1.0285714285714285,-0.0068877551020407,NORMAL,8.0,30,0,0,30,LOW,NO_KNOWN_CHANGE,No legitimate context recorded,0.0,0,30,30,LOW,8 anomalous events detected | No known legitimate context recorded
U0496,5.8,6.2,4.6,0.793103448275862,-0.0344827586206896,NORMAL,6.0,20,0,0,20,LOW,NO_KNOWN_CHANGE,No legitimate context recorded,0.0,0,20,20,LOW,6 anomalous events detected | No known legitimate context recorded
U0497,5.866666666666666,5.2,6.8,1.1590909090909092,0.0243506493506493,LOW SHIFT,3.0,10,0,5,15,LOW,NO_KNOWN_CHANGE,No legitimate context recorded,0.0,0,15,15,LOW,3 anomalous event(s) detected | Gradual behavioral change detected | No known legitimate context recorded
U0498,7.0,4.8,5.6,0.7999999999999999,0.0229591836734693,LOW SHIFT,7.0,20,0,5,25,LOW,NO_KNOWN_CHANGE,No legitimate context recorded,0.0,0,25,25,LOW,7 anomalous events detected | Gradual behavioral change detected | No known legitimate context recorded
U0499,4.933333333333334,3.6,4.6,0.9324324324324323,0.0260617760617761,LOW SHIFT,8.0,30,0,5,35,LOW,NO_KNOWN_CHANGE,No legitimate context recorded,0.0,0,35,35,LOW,8 anomalous events detected | Gradual behavioral change detected | No known legitimate context recorded
U0500,6.333333333333333,3.0,6.4,1.0105263157894735,0.0468045112781954,LOW SHIFT,5.0,20,0,5,25,LOW,NO_KNOWN_CHANGE,No legitimate context recorded,0.0,0,25,25,LOW,5 anomalous events detected | Gradual behavioral change detected | No known legitimate context recorded
U0501,5.733333333333333,5.0,5.0,0.872093023255814,-0.0080980066445181,NORMAL,4.0,10,0,0,10,LOW,NO_KNOWN_CHANGE,No legitimate context recorded,0.0,0,10,10,LOW,4 anomalous event(s) detected | No known legitimate context recorded
U0502,6.4,5.2,5.4,0.84375,0.0072544642857143,NORMAL,3.0,10,0,5,15,LOW,NO_KNOWN_CHANGE,No legitimate context recorded,0.0,0,15,15,LOW,3 anomalous event(s) detected | Gradual behavioral change detected | No known legitimate context recorded
U0503,6.066666666666666,6.6,5.6,0.923076923076923,-0.0135400313971741,NORMAL,5.0,20,0,0,20,LOW,NO_KNOWN_CHANGE,No legitimate context recorded,0.0,0,20,20,LOW,5 anomalous events detected | No known legitimate context recorded
U0504,6.066666666666666,4.0,6.8,1.120879120879121,0.0512166405023547,LOW SHIFT,4.0,10,0,5,15,LOW,NO_KNOWN_CHANGE,No legitimate context recorded,0.0,0,15,15,LOW,4 anomalous event(s) detected | Gradual behavioral change detected | No known legitimate context recorded
U0505,6.0,7.4,4.6,0.7666666666666666,-0.0398809523809523,NORMAL,7.0,20,0,0,20,LOW,NO_KNOWN_CHANGE,No legitimate context recorded,0.0,0,20,20,LOW,7 anomalous events detected | No known legitimate context recorded
U0506,4.933333333333334,5.0,5.2,1.054054054054054,0.0036196911196911,NORMAL,4.0,10,0,5,15,LOW,NO_KNOWN_CHANGE,No legitimate context recorded,0.0,0,15,15,LOW,4 anomalous event(s) detected | Gradual behavioral change detected | No known legitimate context recorded
U0507,6.533333333333333,4.8,7.8,1.1938775510204085,0.0333454810495627,LOW SHIFT,4.0,10,0,5,15,LOW,NO_KNOWN_CHANGE,No legitimate context recorded,0.0,0,15,15,LOW,4 anomalous event(s) detected | Gradual behavioral change detected | No known legitimate context recorded
U0508,6.466666666666667,5.0,5.4,0.8350515463917526,-0.0165684830633284,NORMAL,5.0,20,0,0,20,LOW,NO_KNOWN_CHANGE,No legitimate context recorded,0.0,0,20,20,LOW,5 anomalous events detected | No known legitimate context recorded
U0509,4.2,6.4,6.0,1.4285714285714286,0.0170068027210884,LOW SHIFT,6.0,20,0,5,25,LOW,NO_KNOWN_CHANGE,No legitimate context recorded,0.0,0,25,25,LOW,6 anomalous events detected | Gradual behavioral change detected | No known legitimate context recorded
U0510,5.4,7.6,4.8,0.8888888888888888,-0.0509259259259259,NORMAL,12.0,30,0,0,30,LOW,NO_KNOWN_CHANGE,No legitimate context recorded,0.0,0,30,30,LOW,12 anomalous events detected | No known legitimate context recorded
U0511,4.466666666666667,7.8,5.8,1.2985074626865671,-0.0511727078891257,NORMAL,9.0,30,0,0,30,LOW,NO_KNOWN_CHANGE,No legitimate context recorded,0.0,0,30,30,LOW,9 anomalous events detected | No known legitimate context recorded
U0512,5.2,6.0,6.2,1.1923076923076923,0.0295329670329671,LOW SHIFT,4.0,10,0,5,15,LOW,NO_KNOWN_CHANGE,No legitimate context recorded,0.0,0,15,15,LOW,4 anomalous event(s) detected | Gradual behavioral change detected | No known legitimate context recorded
U0513,5.0,6.6,4.4,0.8800000000000001,-0.0585714285714284,NORMAL,6.0,20,0,0,20,LOW,NO_KNOWN_CHANGE,No legitimate context recorded,0.0,0,20,20,LOW,6 anomalous events detected | No known legitimate context recorded
U0514,6.933333333333334,5.6,6.6,0.9519230769230768,0.0061813186813186,NORMAL,8.0,30,0,5,35,LOW,NO_KNOWN_CHANGE,No legitimate context recorded,0.0,0,35,35,LOW,8 anomalous events detected | Gradual behavioral change detected | No known legitimate context recorded
U0515,4.666666666666667,6.0,5.0,1.0714285714285714,-0.0198979591836733,NORMAL,5.0,20,0,0,20,LOW,NO_KNOWN_CHANGE,No legitimate context recorded,0.0,0,20,20,LOW,5 anomalous events detected | No known legitimate context recorded
U0516,5.533333333333333,7.6,5.4,0.9759036144578314,-0.0490533562822719,NORMAL,5.0,20,0,0,20,LOW,NO_KNOWN_CHANGE,No legitimate context recorded,0.0,0,20,20,LOW,5 anomalous events detected | No known legitimate context recorded
U0517,4.933333333333334,4.6,4.0,0.8108108108108107,-0.0144787644787645,NORMAL,6.0,20,0,0,20,LOW,NO_KNOWN_CHANGE,No legitimate context recorded,0.0,0,20,20,LOW,6 anomalous events detected | No known legitimate context recorded
U0518,4.266666666666667,4.0,6.6,1.546875,0.0694754464285713,LOW SHIFT,2.0,10,10,5,25,LOW,NO_KNOWN_CHANGE,No legitimate context recorded,0.0,0,25,25,LOW,2 anomalous event(s) detected | Gradual behavioral change detected | No known legitimate context recorded
U0519,6.0,6.2,4.0,0.6666666666666666,-0.025,NORMAL,7.0,20,0,0,20,LOW,NO_KNOWN_CHANGE,No legitimate context recorded,0.0,0,20,20,LOW,7 anomalous events detected | No known legitimate context recorded
U0520,5.0,5.8,4.6,0.92,-0.0292857142857142,NORMAL,8.0,30,0,0,30,LOW,NO_KNOWN_CHANGE,No legitimate context recorded,0.0,0,30,30,LOW,8 anomalous events detected | No known legitimate context recorded
U0521,6.466666666666667,5.8,6.8,1.0515463917525774,0.0215390279823268,LOW SHIFT,5.0,20,0,5,25,LOW,NO_KNOWN_CHANGE,No legitimate context recorded,0.0,0,25,25,LOW,5 anomalous events detected | Gradual behavioral change detected | No known legitimate context recorded
U0522,4.4,4.0,6.4,1.4545454545454546,0.0316558441558442,LOW SHIFT,12.0,30,0,5,35,LOW,NO_KNOWN_CHANGE,No legitimate context recorded,0.0,0,35,35,LOW,12 anomalous events detected | Gradual behavioral change detected | No known legitimate context recorded
U0523,6.466666666666667,7.2,3.8,0.5876288659793814,-0.0414212076583209,NORMAL,8.0,30,0,0,30,LOW,NO_KNOWN_CHANGE,No legitimate context recorded,0.0,0,30,30,LOW,8 anomalous events detected | No known legitimate context recorded
U0524,6.333333333333333,7.4,5.4,0.8526315789473685,-0.0298872180451127,NORMAL,5.0,20,0,0,20,LOW,NO_KNOWN_CHANGE,No legitimate context recorded,0.0,0,20,20,LOW,5 anomalous events detected | No known legitimate context recorded
U0525,5.866666666666666,7.0,4.6,0.7840909090909091,-0.0304383116883116,NORMAL,6.0,20,0,0,20,LOW,NO_KNOWN_CHANGE,No legitimate context recorded,0.0,0,20,20,LOW,6 anomalous events detected | No known legitimate context recorded
U0526,5.066666666666666,3.6,5.2,1.0263157894736843,0.0169172932330827,LOW SHIFT,13.0,30,0,5,35,LOW,NO_KNOWN_CHANGE,No legitimate context recorded,0.0,0,35,35,LOW,13 anomalous events detected | Gradual behavioral change detected | No known legitimate context recorded
U0527,7.2,6.8,3.2,0.4444444444444445,-0.0352182539682538,NORMAL,7.0,20,0,0,20,LOW,NO_KNOWN_CHANGE,No legitimate context recorded,0.0,0,20,20,LOW,7 anomalous events detected | No known legitimate context recorded
U0528,4.8,5.8,3.6,0.75,-0.0372023809523808,NORMAL,1.0,0,0,0,0,LOW,NO_KNOWN_CHANGE,No legitimate context recorded,0.0,0,0,0,LOW,1 anomalous event(s) detected | No known legitimate context recorded
U0529,5.2,4.0,4.0,0.7692307692307692,-0.0137362637362637,NORMAL,10.0,30,0,0,30,LOW,NO_KNOWN_CHANGE,No legitimate context recorded,0.0,0,30,30,LOW,10 anomalous events detected | No known legitimate context recorded
U0530,7.2,3.8,7.2,1.0,0.0376984126984126,LOW SHIFT,7.0,20,0,5,25,LOW,NO_KNOWN_CHANGE,No legitimate context recorded,0.0,0,25,25,LOW,7 anomalous events detected | Gradual behavioral change detected | No known legitimate context recorded
U0531,5.933333333333334,7.4,4.8,0.8089887640449438,-0.0409309791332262,NORMAL,4.0,10,0,0,10,LOW,NO_KNOWN_CHANGE,No legitimate context recorded,0.0,0,10,10,LOW,4 anomalous event(s) detected | No known legitimate context recorded
U0532,6.066666666666666,8.0,3.8,0.6263736263736264,-0.0653453689167974,NORMAL,4.0,10,0,0,10,LOW,NO_KNOWN_CHANGE,No legitimate context recorded,0.0,0,10,10,LOW,4 anomalous event(s) detected | No known legitimate context recorded
U0533,4.666666666666667,6.4,8.6,1.8428571428571427,0.0505102040816325,MEDIUM SHIFT,7.0,20,10,5,35,LOW,NO_KNOWN_CHANGE,No legitimate context recorded,0.0,0,35,35,LOW,7 anomalous events detected | Gradual behavioral change detected | No known legitimate context recorded
U0534,4.6,5.0,3.8,0.8260869565217391,-0.0256211180124223,NORMAL,8.0,30,0,0,30,LOW,NO_KNOWN_CHANGE,No legitimate context recorded,0.0,0,30,30,LOW,8 anomalous events detected | No known legitimate context recorded
U0535,5.2,5.6,5.8,1.1153846153846154,0.0020604395604395,NORMAL,6.0,20,0,5,25,LOW,NO_KNOWN_CHANGE,No legitimate context recorded,0.0,0,25,25,LOW,6 anomalous events detected | Gradual behavioral change detected | No known legitimate context recorded
U0536,5.066666666666666,7.2,4.6,0.9078947368421052,-0.0451127819548871,NORMAL,7.0,20,0,0,20,LOW,NO_KNOWN_CHANGE,No legitimate context recorded,0.0,0,20,20,LOW,7 anomalous events detected | No known legitimate context recorded
U0537,4.066666666666666,3.2,3.8,0.9344262295081968,0.0219555035128805,LOW SHIFT,1.0,0,0,5,5,LOW,NO_KNOWN_CHANGE,No legitimate context recorded,0.0,0,5,5,LOW,1 anomalous event(s) detected | Gradual behavioral change detected | No known legitimate context recorded
U0538,5.133333333333334,5.0,5.0,0.974025974025974,-0.0104359925788497,NORMAL,8.0,30,0,0,30,LOW,NO_KNOWN_CHANGE,No legitimate context recorded,0.0,0,30,30,LOW,8 anomalous events detected | No known legitimate context recorded
U0539,5.733333333333333,5.8,3.6,0.627906976744186,-0.0517026578073089,NORMAL,7.0,20,0,0,20,LOW,NO_KNOWN_CHANGE,No legitimate context recorded,0.0,0,20,20,LOW,7 anomalous events detected | No known legitimate context recorded
U0540,5.866666666666666,5.6,6.0,1.0227272727272727,0.0085227272727273,NORMAL,4.0,10,0,5,15,LOW,NO_KNOWN_CHANGE,No legitimate context recorded,0.0,0,15,15,LOW,4 anomalous event(s) detected | Gradual behavioral change detected | No known legitimate context recorded
U0541,6.133333333333334,8.6,5.4,0.8804347826086957,-0.0442546583850931,NORMAL,7.0,20,0,0,20,LOW,NO_KNOWN_CHANGE,No legitimate context recorded,0.0,0,20,20,LOW,7 anomalous events detected | No known legitimate context recorded
U0542,5.733333333333333,6.8,4.8,0.8372093023255813,-0.0286544850498338,NORMAL,2.0,10,0,0,10,LOW,NO_KNOWN_CHANGE,No legitimate context recorded,0.0,0,10,10,LOW,2 anomalous event(s) detected | No known legitimate context recorded
U0543,4.4,5.6,5.4,1.2272727272727273,-0.0016233766233766,NORMAL,3.0,10,0,0,10,LOW,NO_KNOWN_CHANGE,No legitimate context recorded,0.0,0,10,10,LOW,3 anomalous event(s) detected | No known legitimate context recorded
U0544,6.333333333333333,8.2,2.8,0.4421052631578947,-0.0806390977443608,NORMAL,5.0,20,0,0,20,LOW,NO_KNOWN_CHANGE,No legitimate context recorded,0.0,0,20,20,LOW,5 anomalous events detected | No known legitimate context recorded
U0545,5.066666666666666,3.8,5.2,1.0263157894736843,0.0211466165413533,LOW SHIFT,6.0,20,0,5,25,LOW,NO_KNOWN_CHANGE,No legitimate context recorded,0.0,0,25,25,LOW,6 anomalous events detected | Gradual behavioral change detected | No known legitimate context recorded
U0546,5.6,5.2,5.4,0.9642857142857144,-0.0197704081632653,NORMAL,4.0,10,0,0,10,LOW,NO_KNOWN_CHANGE,No legitimate context recorded,0.0,0,10,10,LOW,4 anomalous event(s) detected | No known legitimate context recorded
U0547,4.133333333333334,3.2,4.2,1.0161290322580645,-1.3755762284213062e-16,NORMAL,5.0,20,0,0,20,LOW,NO_KNOWN_CHANGE,No legitimate context recorded,0.0,0,20,20,LOW,5 anomalous events detected | No known legitimate context recorded
U0548,6.133333333333334,3.2,5.0,0.8152173913043478,0.0361024844720497,LOW SHIFT,3.0,10,0,5,15,LOW,NO_KNOWN_CHANGE,No legitimate context recorded,0.0,0,15,15,LOW,3 anomalous event(s) detected | Gradual behavioral change detected | No known legitimate context recorded
U0549,6.4,5.2,2.4,0.3749999999999999,-0.0396205357142857,NORMAL,6.0,20,0,0,20,LOW,NO_KNOWN_CHANGE,No legitimate context recorded,0.0,0,20,20,LOW,6 anomalous events detected | No known legitimate context recorded
U0550,5.266666666666667,4.4,3.6,0.6835443037974683,-0.0203435804701627,NORMAL,2.0,10,0,0,10,LOW,NO_KNOWN_CHANGE,No legitimate context recorded,0.0,0,10,10,LOW,2 anomalous event(s) detected | No known legitimate context recorded
U0551,6.4,8.2,4.8,0.7499999999999999,-0.0518973214285713,NORMAL,7.0,20,0,0,20,LOW,NO_KNOWN_CHANGE,No legitimate context recorded,0.0,0,20,20,LOW,7 anomalous events detected | No known legitimate context recorded
U0552,6.333333333333333,4.4,5.8,0.9157894736842104,0.0383458646616541,LOW SHIFT,3.0,10,0,5,15,LOW,NO_KNOWN_CHANGE,No legitimate context recorded,0.0,0,15,15,LOW,3 anomalous event(s) detected | Gradual behavioral change detected | No known legitimate context recorded
U0553,4.266666666666667,5.4,4.8,1.125,-0.0108816964285713,NORMAL,4.0,10,0,0,10,LOW,NO_KNOWN_CHANGE,No legitimate context recorded,0.0,0,10,10,LOW,4 anomalous event(s) detected | No known legitimate context recorded
U0554,5.2,3.6,6.4,1.2307692307692308,0.0439560439560439,LOW SHIFT,9.0,30,0,5,35,LOW,NO_KNOWN_CHANGE,No legitimate context recorded,0.0,0,35,35,LOW,9 anomalous events detected | Gradual behavioral change detected | No known legitimate context recorded
U0555,7.0,7.2,8.0,1.1428571428571428,0.013265306122449,LOW SHIFT,7.0,20,0,5,25,LOW,NO_KNOWN_CHANGE,No legitimate context recorded,0.0,0,25,25,LOW,7 anomalous events detected | Gradual behavioral change detected | No known legitimate context recorded
U0556,5.6,6.4,4.6,0.8214285714285714,-0.0165816326530611,NORMAL,2.0,10,0,0,10,LOW,NO_KNOWN_CHANGE,No legitimate context recorded,0.0,0,10,10,LOW,2 anomalous event(s) detected | No known legitimate context recorded
U0557,5.8,2.8,3.8,0.6551724137931034,0.0147783251231526,LOW SHIFT,7.0,20,0,5,25,LOW,NO_KNOWN_CHANGE,No legitimate context recorded,0.0,0,25,25,LOW,7 anomalous events detected | Gradual behavioral change detected | No known legitimate context recorded
U0558,6.733333333333333,5.2,4.8,0.7128712871287128,-0.0015912305516265,NORMAL,6.0,20,0,0,20,LOW,NO_KNOWN_CHANGE,No legitimate context recorded,0.0,0,20,20,LOW,6 anomalous events detected | No known legitimate context recorded
U0559,5.533333333333333,6.4,6.0,1.0843373493975903,-0.0032271944922546,NORMAL,6.0,20,0,0,20,LOW,NO_KNOWN_CHANGE,No legitimate context recorded,0.0,0,20,20,LOW,6 anomalous events detected | No known legitimate context recorded
U0560,5.733333333333333,5.8,3.8,0.6627906976744186,-0.0155730897009967,NORMAL,6.0,20,0,0,20,LOW,NO_KNOWN_CHANGE,No legitimate context recorded,0.0,0,20,20,LOW,6 anomalous events detected | No known legitimate context recorded
U0561,4.866666666666666,4.0,7.4,1.5205479452054798,0.0653131115459882,LOW SHIFT,2.0,10,10,5,25,LOW,NO_KNOWN_CHANGE,No legitimate context recorded,0.0,0,25,25,LOW,2 anomalous event(s) detected | Gradual behavioral change detected | No known legitimate context recorded
U0562,3.733333333333333,6.4,5.0,1.3392857142857142,-0.0286989795918365,NORMAL,8.0,30,0,0,30,LOW,NO_KNOWN_CHANGE,No legitimate context recorded,0.0,0,30,30,LOW,8 anomalous events detected | No known legitimate context recorded
U0563,5.4,6.8,6.8,1.259259259259259,-0.0052910052910052,NORMAL,0.0,0,0,0,0,LOW,NO_KNOWN_CHANGE,No legitimate context recorded,0.0,0,0,0,LOW,No known legitimate context recorded
U0564,5.666666666666667,7.0,2.8,0.4941176470588235,-0.0655462184873949,NORMAL,6.0,20,0,0,20,LOW,NO_KNOWN_CHANGE,No legitimate context recorded,0.0,0,20,20,LOW,6 anomalous events detected | No known legitimate context recorded
U0565,4.866666666666666,5.4,3.8,0.7808219178082192,-0.0286203522504892,NORMAL,7.0,20,0,0,20,LOW,NO_KNOWN_CHANGE,No legitimate context recorded,0.0,0,20,20,LOW,7 anomalous events detected | No known legitimate context recorded
U0566,5.066666666666666,4.8,6.2,1.223684210526316,0.0479323308270677,LOW SHIFT,9.0,30,0,5,35,LOW,NO_KNOWN_CHANGE,No legitimate context recorded,0.0,0,35,35,LOW,9 anomalous events detected | Gradual behavioral change detected | No known legitimate context recorded
U0567,6.066666666666666,6.4,5.8,0.956043956043956,-0.0029434850863421,NORMAL,7.0,20,0,0,20,LOW,NO_KNOWN_CHANGE,No legitimate context recorded,0.0,0,20,20,LOW,7 anomalous events detected | No known legitimate context recorded
U0568,6.6,5.6,6.0,0.9090909090909092,-0.0037878787878788,NORMAL,7.0,20,0,0,20,LOW,NO_KNOWN_CHANGE,No legitimate context recorded,0.0,0,20,20,LOW,7 anomalous events detected | No known legitimate context recorded
U0569,5.6,7.2,5.2,0.9285714285714288,-0.0395408163265306,NORMAL,5.0,20,0,0,20,LOW,NO_KNOWN_CHANGE,No legitimate context recorded,0.0,0,20,20,LOW,5 anomalous events detected | No known legitimate context recorded
U0570,5.0,3.0,5.8,1.16,0.0392857142857142,LOW SHIFT,8.0,30,0,5,35,LOW,NO_KNOWN_CHANGE,No legitimate context recorded,0.0,0,35,35,LOW,8 anomalous events detected | Gradual behavioral change detected | No known legitimate context recorded
U0571,5.266666666666667,5.6,5.6,1.0632911392405062,-0.0067811934900542,NORMAL,4.0,10,0,0,10,LOW,NO_KNOWN_CHANGE,No legitimate context recorded,0.0,0,10,10,LOW,4 anomalous event(s) detected | No known legitimate context recorded
U0572,5.6,5.8,5.6,1.0,0.0006377551020408,NORMAL,4.0,10,0,5,15,LOW,NO_KNOWN_CHANGE,No legitimate context recorded,0.0,0,15,15,LOW,4 anomalous event(s) detected | Gradual behavioral change detected | No known legitimate context recorded
U0573,6.0,5.2,3.8,0.6333333333333333,-0.0196428571428571,NORMAL,8.0,30,0,0,30,LOW,NO_KNOWN_CHANGE,No legitimate context recorded,0.0,0,30,30,LOW,8 anomalous events detected | No known legitimate context recorded
U0574,5.666666666666667,7.0,8.6,1.5176470588235291,0.0176470588235293,LOW SHIFT,6.0,20,10,5,35,LOW,NO_KNOWN_CHANGE,No legitimate context recorded,0.0,0,35,35,LOW,6 anomalous events detected | Gradual behavioral change detected | No known legitimate context recorded
U0575,5.8,7.4,4.0,0.6896551724137931,-0.0461822660098522,NORMAL,7.0,20,0,0,20,LOW,NO_KNOWN_CHANGE,No legitimate context recorded,0.0,0,20,20,LOW,7 anomalous events detected | No known legitimate context recorded
U0576,5.666666666666667,6.6,7.4,1.3058823529411765,0.0119747899159663,LOW SHIFT,5.0,20,0,5,25,LOW,NO_KNOWN_CHANGE,No legitimate context recorded,0.0,0,25,25,LOW,5 anomalous events detected | Gradual behavioral change detected | No known legitimate context recorded
U0577,5.2,6.8,7.0,1.346153846153846,-0.0068681318681318,NORMAL,2.0,10,0,0,10,LOW,NO_KNOWN_CHANGE,No legitimate context recorded,0.0,0,10,10,LOW,2 anomalous event(s) detected | No known legitimate context recorded
U0578,5.6,4.6,8.2,1.4642857142857142,0.0637755102040815,LOW SHIFT,6.0,20,0,5,25,LOW,NO_KNOWN_CHANGE,No legitimate context recorded,0.0,0,25,25,LOW,6 anomalous events detected | Gradual behavioral change detected | No known legitimate context recorded
U0579,5.133333333333334,4.8,7.0,1.3636363636363635,0.0396567717996289,LOW SHIFT,5.0,20,0,5,25,LOW,NO_KNOWN_CHANGE,No legitimate context recorded,0.0,0,25,25,LOW,5 anomalous events detected | Gradual behavioral change detected | No known legitimate context recorded
U0580,6.066666666666666,5.0,6.0,0.989010989010989,0.0235478806907378,LOW SHIFT,2.0,10,0,5,15,LOW,NO_KNOWN_CHANGE,No legitimate context recorded,0.0,0,15,15,LOW,2 anomalous event(s) detected | Gradual behavioral change detected | No known legitimate context recorded
U0581,5.8,5.6,8.0,1.3793103448275863,0.0461822660098521,LOW SHIFT,3.0,10,0,5,15,LOW,NO_KNOWN_CHANGE,No legitimate context recorded,0.0,0,15,15,LOW,3 anomalous event(s) detected | Gradual behavioral change detected | No known legitimate context recorded
U0582,4.666666666666667,4.6,7.0,1.5,0.0558673469387755,LOW SHIFT,1.0,0,10,5,15,LOW,NO_KNOWN_CHANGE,No legitimate context recorded,0.0,0,15,15,LOW,1 anomalous event(s) detected | Gradual behavioral change detected | No known legitimate context recorded
U0583,5.2,4.6,6.0,1.1538461538461535,0.0020604395604396,NORMAL,4.0,10,0,5,15,LOW,NO_KNOWN_CHANGE,No legitimate context recorded,0.0,0,15,15,LOW,4 anomalous event(s) detected | Gradual behavioral change detected | No known legitimate context recorded
U0584,5.6,6.6,7.0,1.25,-0.0057397959183673,NORMAL,4.0,10,0,0,10,LOW,NO_KNOWN_CHANGE,No legitimate context recorded,0.0,0,10,10,LOW,4 anomalous event(s) detected | No known legitimate context recorded
U0585,4.933333333333334,6.4,6.0,1.2162162162162162,-0.0152027027027027,NORMAL,4.0,10,0,0,10,LOW,NO_KNOWN_CHANGE,No legitimate context recorded,0.0,0,10,10,LOW,4 anomalous event(s) detected | No known legitimate context recorded
U0586,5.2,6.4,7.0,1.346153846153846,0.0089285714285713,NORMAL,7.0,20,0,5,25,LOW,NO_KNOWN_CHANGE,No legitimate context recorded,0.0,0,25,25,LOW,7 anomalous events detected | Gradual behavioral change detected | No known legitimate context recorded
U0587,5.533333333333333,7.0,4.8,0.8674698795180723,-0.0535714285714284,NORMAL,6.0,20,0,0,20,LOW,NO_KNOWN_CHANGE,No legitimate context recorded,0.0,0,20,20,LOW,6 anomalous events detected | No known legitimate context recorded
U0588,5.8,5.6,6.0,1.0344827586206895,0.0116995073891625,LOW SHIFT,3.0,10,0,5,15,LOW,NO_KNOWN_CHANGE,No legitimate context recorded,0.0,0,15,15,LOW,3 anomalous event(s) detected | Gradual behavioral change detected | No known legitimate context recorded
U0589,4.733333333333333,6.0,6.4,1.352112676056338,0.0241448692152917,LOW SHIFT,1.0,0,0,5,5,LOW,NO_KNOWN_CHANGE,No legitimate context recorded,0.0,0,5,5,LOW,1 anomalous event(s) detected | Gradual behavioral change detected | No known legitimate context recorded
U0590,4.133333333333334,5.4,5.8,1.4032258064516128,0.0008640552995392,LOW SHIFT,4.0,10,0,5,15,LOW,NO_KNOWN_CHANGE,No legitimate context recorded,0.0,0,15,15,LOW,4 anomalous event(s) detected | Gradual behavioral change detected | No known legitimate context recorded
U0591,5.466666666666667,4.2,6.8,1.2439024390243902,0.056184668989547,LOW SHIFT,9.0,30,0,5,35,LOW,NO_KNOWN_CHANGE,No legitimate context recorded,0.0,0,35,35,LOW,9 anomalous events detected | Gradual behavioral change detected | No known legitimate context recorded
U0592,5.666666666666667,5.6,4.2,0.7411764705882353,-0.0252100840336133,NORMAL,5.0,20,0,0,20,LOW,NO_KNOWN_CHANGE,No legitimate context recorded,0.0,0,20,20,LOW,5 anomalous events detected | No known legitimate context recorded
U0593,5.666666666666667,5.0,4.4,0.7764705882352941,-0.0113445378151259,NORMAL,4.0,10,0,0,10,LOW,NO_KNOWN_CHANGE,No legitimate context recorded,0.0,0,10,10,LOW,4 anomalous event(s) detected | No known legitimate context recorded
U0594,5.666666666666667,5.6,7.2,1.2705882352941176,0.0214285714285714,LOW SHIFT,4.0,10,0,5,15,LOW,NO_KNOWN_CHANGE,No legitimate context recorded,0.0,0,15,15,LOW,4 anomalous event(s) detected | Gradual behavioral change detected | No known legitimate context recorded
U0595,6.733333333333333,5.0,5.4,0.801980198019802,-0.001060820367751,NORMAL,2.0,10,0,0,10,LOW,NO_KNOWN_CHANGE,No legitimate context recorded,0.0,0,10,10,LOW,2 anomalous event(s) detected | No known legitimate context recorded
U0596,5.266666666666667,6.0,5.8,1.10126582278481,-0.0020343580470163,NORMAL,4.0,10,0,0,10,LOW,NO_KNOWN_CHANGE,No legitimate context recorded,0.0,0,10,10,LOW,4 anomalous event(s) detected | No known legitimate context recorded
U0597,5.466666666666667,4.2,3.6,0.6585365853658537,-0.008493031358885,NORMAL,7.0,20,0,0,20,LOW,NO_KNOWN_CHANGE,No legitimate context recorded,0.0,0,20,20,LOW,7 anomalous events detected | No known legitimate context recorded
U0598,6.866666666666666,7.2,6.2,0.9029126213592232,-0.0208044382801664,NORMAL,6.0,20,0,0,20,LOW,NO_KNOWN_CHANGE,No legitimate context recorded,0.0,0,20,20,LOW,6 anomalous events detected | No known legitimate context recorded
U0599,5.6,6.4,6.2,1.1071428571428572,0.0076530612244899,NORMAL,6.0,20,0,5,25,LOW,NO_KNOWN_CHANGE,No legitimate context recorded,0.0,0,25,25,LOW,6 anomalous events detected | Gradual behavioral change detected | No known legitimate context recorded
U0600,4.533333333333333,7.2,7.4,1.6323529411764708,0.0078781512605041,LOW SHIFT,5.0,20,10,5,35,LOW,NO_KNOWN_CHANGE,No legitimate context recorded,0.0,0,35,35,LOW,5 anomalous events detected | Gradual behavioral change detected | No known legitimate context recorded
U0601,5.533333333333333,4.6,5.0,0.9036144578313252,-4.4923956033656666e-17,NORMAL,6.0,20,0,0,20,LOW,NO_KNOWN_CHANGE,No legitimate context recorded,0.0,0,20,20,LOW,6 anomalous events detected | No known legitimate context recorded
U0602,5.466666666666667,5.6,4.8,0.8780487804878049,-0.006533101045296,NORMAL,7.0,20,0,0,20,LOW,NO_KNOWN_CHANGE,No legitimate context recorded,0.0,0,20,20,LOW,7 anomalous events detected | No known legitimate context recorded
U0603,5.8,3.0,4.0,0.6896551724137931,0.0141625615763546,LOW SHIFT,7.0,20,0,5,25,LOW,NO_KNOWN_CHANGE,No legitimate context recorded,0.0,0,25,25,LOW,7 anomalous events detected | Gradual behavioral change detected | No known legitimate context recorded
U0604,5.333333333333333,5.8,6.2,1.1625,0.009375,NORMAL,5.0,20,0,5,25,LOW,NO_KNOWN_CHANGE,No legitimate context recorded,0.0,0,25,25,LOW,5 anomalous events detected | Gradual behavioral change detected | No known legitimate context recorded
U0605,4.866666666666666,5.4,5.2,1.0684931506849316,0.0139432485322897,LOW SHIFT,6.0,20,0,5,25,LOW,NO_KNOWN_CHANGE,No legitimate context recorded,0.0,0,25,25,LOW,6 anomalous events detected | Gradual behavioral change detected | No known legitimate context recorded
U0606,5.8,5.4,3.4,0.5862068965517241,-0.0277093596059112,NORMAL,5.0,20,0,0,20,LOW,NO_KNOWN_CHANGE,No legitimate context recorded,0.0,0,20,20,LOW,5 anomalous events detected | No known legitimate context recorded
U0607,5.0,7.2,5.6,1.12,-0.0378571428571428,NORMAL,1.0,0,0,0,0,LOW,NO_KNOWN_CHANGE,No legitimate context recorded,0.0,0,0,0,LOW,1 anomalous event(s) detected | No known legitimate context recorded
U0608,4.933333333333334,6.0,3.2,0.6486486486486487,-0.0637065637065635,NORMAL,7.0,20,0,0,20,LOW,NO_KNOWN_CHANGE,No legitimate context recorded,0.0,0,20,20,LOW,7 anomalous events detected | No known legitimate context recorded
U0609,5.133333333333334,5.4,4.8,0.9350649350649348,-0.0020871985157698,NORMAL,2.0,10,0,0,10,LOW,NO_KNOWN_CHANGE,No legitimate context recorded,0.0,0,10,10,LOW,2 anomalous event(s) detected | No known legitimate context recorded
U0610,6.733333333333333,4.6,6.6,0.9801980198019802,0.0148514851485148,LOW SHIFT,3.0,10,0,5,15,LOW,NO_KNOWN_CHANGE,No legitimate context recorded,0.0,0,15,15,LOW,3 anomalous event(s) detected | Gradual behavioral change detected | No known legitimate context recorded
U0611,4.466666666666667,3.8,5.0,1.1194029850746268,0.0431769722814498,LOW SHIFT,5.0,20,0,5,25,LOW,NO_KNOWN_CHANGE,No legitimate context recorded,0.0,0,25,25,LOW,5 anomalous events detected | Gradual behavioral change detected | No known legitimate context recorded
U0612,5.066666666666666,2.8,5.6,1.1052631578947367,0.0429981203007519,LOW SHIFT,1.0,0,0,5,5,LOW,NO_KNOWN_CHANGE,No legitimate context recorded,0.0,0,5,5,LOW,1 anomalous event(s) detected | Gradual behavioral change detected | No known legitimate context recorded
U0613,5.066666666666666,4.4,5.0,0.986842105263158,0.0373590225563909,LOW SHIFT,6.0,20,0,5,25,LOW,NO_KNOWN_CHANGE,No legitimate context recorded,0.0,0,25,25,LOW,6 anomalous events detected | Gradual behavioral change detected | No known legitimate context recorded
U0614,5.733333333333333,6.4,4.4,0.7674418604651163,-0.0242940199335548,NORMAL,4.0,10,0,0,10,LOW,NO_KNOWN_CHANGE,No legitimate context recorded,0.0,0,10,10,LOW,4 anomalous event(s) detected | No known legitimate context recorded
U0615,6.133333333333334,3.6,5.4,0.8804347826086957,0.0273680124223602,LOW SHIFT,6.0,20,0,5,25,LOW,NO_KNOWN_CHANGE,No legitimate context recorded,0.0,0,25,25,LOW,6 anomalous events detected | Gradual behavioral change detected | No known legitimate context recorded
U0616,6.6,5.0,4.8,0.7272727272727273,-0.001082251082251,NORMAL,8.0,30,0,0,30,LOW,NO_KNOWN_CHANGE,No legitimate context recorded,0.0,0,30,30,LOW,8 anomalous events detected | No known legitimate context recorded
U0617,6.6,4.6,4.6,0.6969696969696969,0.0005411255411256,NORMAL,7.0,20,0,5,25,LOW,NO_KNOWN_CHANGE,No legitimate context recorded,0.0,0,25,25,LOW,7 anomalous events detected | Gradual behavioral change detected | No known legitimate context recorded
U0618,5.466666666666667,4.2,5.6,1.024390243902439,0.0222125435540069,LOW SHIFT,4.0,10,0,5,15,LOW,NO_KNOWN_CHANGE,No legitimate context recorded,0.0,0,15,15,LOW,4 anomalous event(s) detected | Gradual behavioral change detected | No known legitimate context recorded
U0619,4.2,5.8,5.2,1.238095238095238,-0.0059523809523808,NORMAL,11.0,30,0,0,30,LOW,NO_KNOWN_CHANGE,No legitimate context recorded,0.0,0,30,30,LOW,11 anomalous events detected | No known legitimate context recorded
U0620,5.0,3.6,3.4,0.6799999999999999,-0.012142857142857,NORMAL,11.0,30,0,0,30,LOW,NO_KNOWN_CHANGE,No legitimate context recorded,0.0,0,30,30,LOW,11 anomalous events detected | No known legitimate context recorded
U0621,6.266666666666667,5.8,7.2,1.148936170212766,0.0227963525835865,LOW SHIFT,7.0,20,0,5,25,LOW,NO_KNOWN_CHANGE,No legitimate context recorded,0.0,0,25,25,LOW,7 anomalous events detected | Gradual behavioral change detected | No known legitimate context recorded
U0622,4.933333333333334,6.6,7.8,1.581081081081081,0.0137548262548262,LOW SHIFT,4.0,10,10,5,25,LOW,NO_KNOWN_CHANGE,No legitimate context recorded,0.0,0,25,25,LOW,4 anomalous event(s) detected | Gradual behavioral change detected | No known legitimate context recorded
U0623,4.933333333333334,7.2,6.2,1.2567567567567568,-0.0224420849420849,NORMAL,4.0,10,0,0,10,LOW,NO_KNOWN_CHANGE,No legitimate context recorded,0.0,0,10,10,LOW,4 anomalous event(s) detected | No known legitimate context recorded
U0624,5.2,5.4,8.0,1.5384615384615383,0.0350274725274724,LOW SHIFT,9.0,30,10,5,45,MEDIUM,NO_KNOWN_CHANGE,No legitimate context recorded,0.0,0,45,45,MEDIUM,9 anomalous events detected | Gradual behavioral change detected | No known legitimate context recorded
U0625,4.4,6.0,5.6,1.2727272727272725,-0.0324675324675323,NORMAL,7.0,20,0,0,20,LOW,NO_KNOWN_CHANGE,No legitimate context recorded,0.0,0,20,20,LOW,7 anomalous events detected | No known legitimate context recorded
U0626,4.933333333333334,6.6,6.6,1.3378378378378375,-0.0007239382239381,NORMAL,4.0,10,0,0,10,LOW,NO_KNOWN_CHANGE,No legitimate context recorded,0.0,0,10,10,LOW,4 anomalous event(s) detected | No known legitimate context recorded
U0627,4.733333333333333,6.8,4.0,0.8450704225352113,-0.0724346076458751,NORMAL,7.0,20,0,0,20,LOW,NO_KNOWN_CHANGE,No legitimate context recorded,0.0,0,20,20,LOW,7 anomalous events detected | No known legitimate context recorded
U0628,4.733333333333333,5.2,4.8,1.0140845070422535,0.005281690140845,NORMAL,4.0,10,0,5,15,LOW,NO_KNOWN_CHANGE,No legitimate context recorded,0.0,0,15,15,LOW,4 anomalous event(s) detected | Gradual behavioral change detected | No known legitimate context recorded
U0629,4.866666666666666,6.0,4.4,0.904109589041096,-0.0308219178082192,NORMAL,1.0,0,0,0,0,LOW,NO_KNOWN_CHANGE,No legitimate context recorded,0.0,0,0,0,LOW,1 anomalous event(s) detected | No known legitimate context recorded
U0630,4.533333333333333,4.6,6.2,1.3676470588235294,0.0393907563025209,LOW SHIFT,4.0,10,0,5,15,LOW,NO_KNOWN_CHANGE,No legitimate context recorded,0.0,0,15,15,LOW,4 anomalous event(s) detected | Gradual behavioral change detected | No known legitimate context recorded
U0631,7.066666666666666,6.6,7.2,1.018867924528302,0.0101078167115902,LOW SHIFT,1.0,0,0,5,5,LOW,NO_KNOWN_CHANGE,No legitimate context recorded,0.0,0,5,5,LOW,1 anomalous event(s) detected | Gradual behavioral change detected | No known legitimate context recorded
U0632,5.2,4.2,8.4,1.6153846153846154,0.0755494505494503,LOW SHIFT,4.0,10,10,5,25,LOW,NO_KNOWN_CHANGE,No legitimate context recorded,0.0,0,25,25,LOW,4 anomalous event(s) detected | Gradual behavioral change detected | No known legitimate context recorded
U0633,3.733333333333333,5.4,5.8,1.5535714285714286,-0.0086096938775511,LOW SHIFT,4.0,10,10,0,20,LOW,NO_KNOWN_CHANGE,No legitimate context recorded,0.0,0,20,20,LOW,4 anomalous event(s) detected | No known legitimate context recorded
U0634,5.533333333333333,6.8,5.4,0.9759036144578314,-0.0038726333907056,NORMAL,4.0,10,0,0,10,LOW,NO_KNOWN_CHANGE,No legitimate context recorded,0.0,0,10,10,LOW,4 anomalous event(s) detected | No known legitimate context recorded
U0635,5.866666666666666,8.0,7.0,1.1931818181818183,-0.0188717532467532,NORMAL,4.0,10,0,0,10,LOW,NO_KNOWN_CHANGE,No legitimate context recorded,0.0,0,10,10,LOW,4 anomalous event(s) detected | No known legitimate context recorded
U0636,5.933333333333334,7.8,4.2,0.7078651685393258,-0.0559791332263241,NORMAL,2.0,10,0,0,10,LOW,NO_KNOWN_CHANGE,No legitimate context recorded,0.0,0,10,10,LOW,2 anomalous event(s) detected | No known legitimate context recorded
U0637,4.6,6.2,5.6,1.2173913043478262,0.0069875776397516,NORMAL,2.0,10,0,5,15,LOW,NO_KNOWN_CHANGE,No legitimate context recorded,0.0,0,15,15,LOW,2 anomalous event(s) detected | Gradual behavioral change detected | No known legitimate context recorded
U0638,4.933333333333334,4.8,7.0,1.4189189189189189,0.0369208494208494,LOW SHIFT,4.0,10,0,5,15,LOW,NO_KNOWN_CHANGE,No legitimate context recorded,0.0,0,15,15,LOW,4 anomalous event(s) detected | Gradual behavioral change detected | No known legitimate context recorded
U0639,5.933333333333334,6.0,4.6,0.7752808988764044,-0.0246789727126804,NORMAL,6.0,20,0,0,20,LOW,NO_KNOWN_CHANGE,No legitimate context recorded,0.0,0,20,20,LOW,6 anomalous events detected | No known legitimate context recorded
U0640,5.6,6.4,5.6,1.0,-0.0197704081632653,NORMAL,2.0,10,0,0,10,LOW,NO_KNOWN_CHANGE,No legitimate context recorded,0.0,0,10,10,LOW,2 anomalous event(s) detected | No known legitimate context recorded
U0641,5.333333333333333,3.6,3.8,0.7125,0.0073660714285715,NORMAL,5.0,20,0,5,25,LOW,NO_KNOWN_CHANGE,No legitimate context recorded,0.0,0,25,25,LOW,5 anomalous events detected | Gradual behavioral change detected | No known legitimate context recorded
U0642,5.2,4.6,8.8,1.6923076923076923,0.0810439560439559,LOW SHIFT,3.0,10,10,5,25,LOW,NO_KNOWN_CHANGE,No legitimate context recorded,0.0,0,25,25,LOW,3 anomalous event(s) detected | Gradual behavioral change detected | No known legitimate context recorded
U0643,5.533333333333333,4.6,5.0,0.9036144578313252,-0.0141996557659207,NORMAL,2.0,10,0,0,10,LOW,NO_KNOWN_CHANGE,No legitimate context recorded,0.0,0,10,10,LOW,2 anomalous event(s) detected | No known legitimate context recorded
U0644,6.466666666666667,5.4,4.6,0.7113402061855669,0.0066273932253314,NORMAL,9.0,30,0,5,35,LOW,NO_KNOWN_CHANGE,No legitimate context recorded,0.0,0,35,35,LOW,9 anomalous events detected | Gradual behavioral change detected | No known legitimate context recorded
U0645,5.466666666666667,7.0,4.8,0.8780487804878049,-0.0287456445993031,NORMAL,3.0,10,0,0,10,LOW,NO_KNOWN_CHANGE,No legitimate context recorded,0.0,0,10,10,LOW,3 anomalous event(s) detected | No known legitimate context recorded
U0646,5.533333333333333,4.6,7.6,1.3734939759036144,0.0548623063683304,LOW SHIFT,6.0,20,0,5,25,LOW,NO_KNOWN_CHANGE,No legitimate context recorded,0.0,0,25,25,LOW,6 anomalous events detected | Gradual behavioral change detected | No known legitimate context recorded
U0647,4.8,5.8,5.0,1.0416666666666667,-0.0230654761904762,NORMAL,2.0,10,0,0,10,LOW,NO_KNOWN_CHANGE,No legitimate context recorded,0.0,0,10,10,LOW,2 anomalous event(s) detected | No known legitimate context recorded
U0648,5.933333333333334,4.8,4.6,0.7752808988764044,-0.0012038523274478,NORMAL,7.0,20,0,0,20,LOW,NO_KNOWN_CHANGE,No legitimate context recorded,0.0,0,20,20,LOW,7 anomalous events detected | No known legitimate context recorded
U0649,6.533333333333333,6.8,2.2,0.336734693877551,-0.0519314868804663,NORMAL,6.0,20,0,0,20,LOW,NO_KNOWN_CHANGE,No legitimate context recorded,0.0,0,20,20,LOW,6 anomalous events detected | No known legitimate context recorded
U0650,5.866666666666666,4.0,5.4,0.9204545454545456,0.0109577922077922,LOW SHIFT,1.0,0,0,5,5,LOW,NO_KNOWN_CHANGE,No legitimate context recorded,0.0,0,5,5,LOW,1 anomalous event(s) detected | Gradual behavioral change detected | No known legitimate context recorded
U0651,5.533333333333333,4.2,6.2,1.1204819277108435,0.0200086058519792,LOW SHIFT,3.0,10,0,5,15,LOW,NO_KNOWN_CHANGE,No legitimate context recorded,0.0,0,15,15,LOW,3 anomalous event(s) detected | Gradual behavioral change detected | No known legitimate context recorded
U0652,3.4,8.4,6.6,1.9411764705882355,-0.0451680672268907,LOW SHIFT,9.0,30,10,0,40,MEDIUM,NO_KNOWN_CHANGE,No legitimate context recorded,0.0,0,40,40,MEDIUM,9 anomalous events detected | No known legitimate context recorded
U0653,5.0,5.6,6.6,1.3199999999999998,0.0471428571428572,LOW SHIFT,9.0,30,0,5,35,LOW,NO_KNOWN_CHANGE,No legitimate context recorded,0.0,0,35,35,LOW,9 anomalous events detected | Gradual behavioral change detected | No known legitimate context recorded
U0654,5.2,4.8,6.2,1.1923076923076923,0.0315934065934065,LOW SHIFT,5.0,20,0,5,25,LOW,NO_KNOWN_CHANGE,No legitimate context recorded,0.0,0,25,25,LOW,5 anomalous events detected | Gradual behavioral change detected | No known legitimate context recorded
U0655,5.266666666666667,4.6,7.2,1.3670886075949369,0.0278028933092224,LOW SHIFT,10.0,30,0,5,35,LOW,NO_KNOWN_CHANGE,No legitimate context recorded,0.0,0,35,35,LOW,10 anomalous events detected | Gradual behavioral change detected | No known legitimate context recorded
U0656,5.266666666666667,5.0,5.6,1.0632911392405062,0.0027124773960216,NORMAL,4.0,10,0,5,15,LOW,NO_KNOWN_CHANGE,No legitimate context recorded,0.0,0,15,15,LOW,4 anomalous event(s) detected | Gradual behavioral change detected | No known legitimate context recorded
U0657,5.4,4.4,3.6,0.6666666666666666,-0.0211640211640211,NORMAL,5.0,20,0,0,20,LOW,NO_KNOWN_CHANGE,No legitimate context recorded,0.0,0,20,20,LOW,5 anomalous events detected | No known legitimate context recorded
U0658,5.666666666666667,7.2,6.2,1.0941176470588234,-0.0182773109243697,NORMAL,4.0,10,0,0,10,LOW,NO_KNOWN_CHANGE,No legitimate context recorded,0.0,0,10,10,LOW,4 anomalous event(s) detected | No known legitimate context recorded
U0659,6.466666666666667,5.2,3.8,0.5876288659793814,-0.0187776141384387,NORMAL,8.0,30,0,0,30,LOW,NO_KNOWN_CHANGE,No legitimate context recorded,0.0,0,30,30,LOW,8 anomalous events detected | No known legitimate context recorded
U0660,4.733333333333333,6.2,3.6,0.7605633802816901,-0.0414989939637825,NORMAL,4.0,10,0,0,10,LOW,NO_KNOWN_CHANGE,No legitimate context recorded,0.0,0,10,10,LOW,4 anomalous event(s) detected | No known legitimate context recorded
U0661,5.333333333333333,6.2,3.0,0.5625,-0.0529017857142856,NORMAL,4.0,10,0,0,10,LOW,NO_KNOWN_CHANGE,No legitimate context recorded,0.0,0,10,10,LOW,4 anomalous event(s) detected | No known legitimate context recorded
U0662,5.6,5.8,4.0,0.7142857142857143,-0.0286989795918366,NORMAL,8.0,30,0,0,30,LOW,NO_KNOWN_CHANGE,No legitimate context recorded,0.0,0,30,30,LOW,8 anomalous events detected | No known legitimate context recorded
U0663,6.2,3.0,6.8,1.096774193548387,0.0449308755760368,LOW SHIFT,8.0,30,0,5,35,LOW,NO_KNOWN_CHANGE,No legitimate context recorded,0.0,0,35,35,LOW,8 anomalous events detected | Gradual behavioral change detected | No known legitimate context recorded
U0664,5.266666666666667,6.4,6.8,1.2911392405063291,-0.0101717902350813,NORMAL,8.0,30,0,0,30,LOW,NO_KNOWN_CHANGE,No legitimate context recorded,0.0,0,30,30,LOW,8 anomalous events detected | No known legitimate context recorded
U0665,5.466666666666667,6.8,6.0,1.0975609756097562,-0.0195993031358885,NORMAL,4.0,10,0,0,10,LOW,NO_KNOWN_CHANGE,No legitimate context recorded,0.0,0,10,10,LOW,4 anomalous event(s) detected | No known legitimate context recorded
U0666,5.133333333333334,6.4,3.6,0.7012987012987013,-0.073051948051948,NORMAL,4.0,10,0,0,10,LOW,NO_KNOWN_CHANGE,No legitimate context recorded,0.0,0,10,10,LOW,4 anomalous event(s) detected | No known legitimate context recorded
U0667,5.466666666666667,5.6,4.4,0.8048780487804879,-0.0274390243902439,NORMAL,7.0,20,0,0,20,LOW,NO_KNOWN_CHANGE,No legitimate context recorded,0.0,0,20,20,LOW,7 anomalous events detected | No known legitimate context recorded
U0668,5.2,6.6,4.6,0.8846153846153845,-0.0467032967032966,NORMAL,3.0,10,0,0,10,LOW,NO_KNOWN_CHANGE,No legitimate context recorded,0.0,0,10,10,LOW,3 anomalous event(s) detected | No known legitimate context recorded
U0669,5.466666666666667,5.6,4.8,0.8780487804878049,-0.0117595818815331,NORMAL,1.0,0,0,0,0,LOW,NO_KNOWN_CHANGE,No legitimate context recorded,0.0,0,0,0,LOW,1 anomalous event(s) detected | No known legitimate context recorded
U0670,4.333333333333333,5.4,5.6,1.2923076923076924,0.0123626373626374,LOW SHIFT,4.0,10,0,5,15,LOW,NO_KNOWN_CHANGE,No legitimate context recorded,0.0,0,15,15,LOW,4 anomalous event(s) detected | Gradual behavioral change detected | No known legitimate context recorded
U0671,5.133333333333334,4.8,5.4,1.051948051948052,0.0083487940630798,NORMAL,4.0,10,0,5,15,LOW,NO_KNOWN_CHANGE,No legitimate context recorded,0.0,0,15,15,LOW,4 anomalous event(s) detected | Gradual behavioral change detected | No known legitimate context recorded
U0672,5.466666666666667,7.0,8.0,1.4634146341463414,0.0130662020905923,LOW SHIFT,3.0,10,0,5,15,LOW,NO_KNOWN_CHANGE,No legitimate context recorded,0.0,0,15,15,LOW,3 anomalous event(s) detected | Gradual behavioral change detected | No known legitimate context recorded
U0673,5.533333333333333,7.6,5.6,1.0120481927710845,-0.0335628227194491,NORMAL,5.0,20,0,0,20,LOW,NO_KNOWN_CHANGE,No legitimate context recorded,0.0,0,20,20,LOW,5 anomalous events detected | No known legitimate context recorded
U0674,6.2,4.4,3.8,0.6129032258064515,-0.0040322580645161,NORMAL,5.0,20,0,0,20,LOW,NO_KNOWN_CHANGE,No legitimate context recorded,0.0,0,20,20,LOW,5 anomalous events detected | No known legitimate context recorded
U0675,5.866666666666666,5.6,6.0,1.0227272727272727,-0.0030438311688311,NORMAL,1.0,0,0,0,0,LOW,NO_KNOWN_CHANGE,No legitimate context recorded,0.0,0,0,0,LOW,1 anomalous event(s) detected | No known legitimate context recorded
U0676,5.866666666666666,5.4,3.0,0.5113636363636364,-0.0334821428571427,NORMAL,8.0,30,0,0,30,LOW,NO_KNOWN_CHANGE,No legitimate context recorded,0.0,0,30,30,LOW,8 anomalous events detected | No known legitimate context recorded
U0677,5.133333333333334,6.4,2.8,0.5454545454545454,-0.0570500927643783,NORMAL,3.0,10,0,0,10,LOW,NO_KNOWN_CHANGE,No legitimate context recorded,0.0,0,10,10,LOW,3 anomalous event(s) detected | No known legitimate context recorded
U0678,3.533333333333333,7.8,7.0,1.981132075471698,-0.0121293800539083,LOW SHIFT,6.0,20,10,0,30,LOW,NO_KNOWN_CHANGE,No legitimate context recorded,0.0,0,30,30,LOW,6 anomalous events detected | No known legitimate context recorded
U0679,6.466666666666667,4.2,2.2,0.3402061855670103,-0.0209867452135492,NORMAL,10.0,30,0,0,30,LOW,NO_KNOWN_CHANGE,No legitimate context recorded,0.0,0,30,30,LOW,10 anomalous events detected | No known legitimate context recorded
U0680,5.2,5.2,4.4,0.8461538461538461,-0.0096153846153845,NORMAL,5.0,20,0,0,20,LOW,NO_KNOWN_CHANGE,No legitimate context recorded,0.0,0,20,20,LOW,5 anomalous events detected | No known legitimate context recorded
U0681,5.866666666666666,8.0,4.8,0.8181818181818182,-0.0255681818181817,NORMAL,2.0,10,0,0,10,LOW,NO_KNOWN_CHANGE,No legitimate context recorded,0.0,0,10,10,LOW,2 anomalous event(s) detected | No known legitimate context recorded
U0682,5.933333333333334,3.6,5.8,0.9775280898876404,0.0319020866773675,LOW SHIFT,3.0,10,0,5,15,LOW,NO_KNOWN_CHANGE,No legitimate context recorded,0.0,0,15,15,LOW,3 anomalous event(s) detected | Gradual behavioral change detected | No known legitimate context recorded
U0683,6.266666666666667,4.2,6.0,0.9574468085106383,0.0233662613981763,LOW SHIFT,2.0,10,0,5,15,LOW,NO_KNOWN_CHANGE,No legitimate context recorded,0.0,0,15,15,LOW,2 anomalous event(s) detected | Gradual behavioral change detected | No known legitimate context recorded
U0684,5.533333333333333,5.0,4.4,0.7951807228915664,-0.0083907056798623,NORMAL,1.0,0,0,0,0,LOW,NO_KNOWN_CHANGE,No legitimate context recorded,0.0,0,0,0,LOW,1 anomalous event(s) detected | No known legitimate context recorded
U0685,5.8,5.0,5.8,1.0,0.019704433497537,LOW SHIFT,3.0,10,0,5,15,LOW,NO_KNOWN_CHANGE,No legitimate context recorded,0.0,0,15,15,LOW,3 anomalous event(s) detected | Gradual behavioral change detected | No known legitimate context recorded
U0686,5.933333333333334,5.6,6.0,1.0112359550561798,0.0126404494382023,LOW SHIFT,5.0,20,0,5,25,LOW,NO_KNOWN_CHANGE,No legitimate context recorded,0.0,0,25,25,LOW,5 anomalous events detected | Gradual behavioral change detected | No known legitimate context recorded
U0687,6.0,4.8,5.0,0.8333333333333334,-0.0101190476190476,NORMAL,5.0,20,0,0,20,LOW,NO_KNOWN_CHANGE,No legitimate context recorded,0.0,0,20,20,LOW,5 anomalous events detected | No known legitimate context recorded
U0688,4.666666666666667,7.2,5.6,1.2,-0.0252551020408163,NORMAL,5.0,20,0,0,20,LOW,NO_KNOWN_CHANGE,No legitimate context recorded,0.0,0,20,20,LOW,5 anomalous events detected | No known legitimate context recorded
U0689,6.866666666666666,3.8,5.0,0.7281553398058253,0.0166435506241331,LOW SHIFT,6.0,20,0,5,25,LOW,NO_KNOWN_CHANGE,No legitimate context recorded,0.0,0,25,25,LOW,6 anomalous events detected | Gradual behavioral change detected | No known legitimate context recorded
U0690,5.2,6.2,5.8,1.1153846153846154,0.0006868131868132,NORMAL,6.0,20,0,5,25,LOW,NO_KNOWN_CHANGE,No legitimate context recorded,0.0,0,25,25,LOW,6 anomalous events detected | Gradual behavioral change detected | No known legitimate context recorded
U0691,5.866666666666666,2.0,5.2,0.8863636363636365,0.0328733766233766,LOW SHIFT,9.0,30,0,5,35,LOW,NO_KNOWN_CHANGE,No legitimate context recorded,0.0,0,35,35,LOW,9 anomalous events detected | Gradual behavioral change detected | No known legitimate context recorded
U0692,5.4,4.8,5.8,1.074074074074074,0.0112433862433862,LOW SHIFT,2.0,10,0,5,15,LOW,NO_KNOWN_CHANGE,No legitimate context recorded,0.0,0,15,15,LOW,2 anomalous event(s) detected | Gradual behavioral change detected | No known legitimate context recorded
U0693,6.666666666666667,4.8,4.6,0.69,-0.0075,NORMAL,3.0,10,0,0,10,LOW,NO_KNOWN_CHANGE,No legitimate context recorded,0.0,0,10,10,LOW,3 anomalous event(s) detected | No known legitimate context recorded
U0694,4.866666666666666,6.4,6.8,1.3972602739726028,0.0212818003913895,LOW SHIFT,8.0,30,0,5,35,LOW,NO_KNOWN_CHANGE,No legitimate context recorded,0.0,0,35,35,LOW,8 anomalous events detected | Gradual behavioral change detected | No known legitimate context recorded
U0695,5.666666666666667,7.2,4.8,0.8470588235294116,-0.0151260504201679,NORMAL,1.0,0,0,0,0,LOW,NO_KNOWN_CHANGE,No legitimate context recorded,0.0,0,0,0,LOW,1 anomalous event(s) detected | No known legitimate context recorded
U0696,6.666666666666667,5.6,5.4,0.81,-0.0075,NORMAL,4.0,10,0,0,10,LOW,NO_KNOWN_CHANGE,No legitimate context recorded,0.0,0,10,10,LOW,4 anomalous event(s) detected | No known legitimate context recorded
U0697,4.2,7.8,3.8,0.9047619047619048,-0.0833333333333332,NORMAL,2.0,10,0,0,10,LOW,NO_KNOWN_CHANGE,No legitimate context recorded,0.0,0,10,10,LOW,2 anomalous event(s) detected | No known legitimate context recorded
U0698,5.666666666666667,4.0,7.6,1.3411764705882352,0.0504201680672268,LOW SHIFT,5.0,20,0,5,25,LOW,NO_KNOWN_CHANGE,No legitimate context recorded,0.0,0,25,25,LOW,5 anomalous events detected | Gradual behavioral change detected | No known legitimate context recorded
U0699,6.333333333333333,4.8,4.6,0.7263157894736841,-0.0140977443609022,NORMAL,4.0,10,0,0,10,LOW,NO_KNOWN_CHANGE,No legitimate context recorded,0.0,0,10,10,LOW,4 anomalous event(s) detected | No known legitimate context recorded
U0700,5.2,6.0,6.2,1.1923076923076923,-0.0006868131868131,NORMAL,6.0,20,0,0,20,LOW,NO_KNOWN_CHANGE,No legitimate context recorded,0.0,0,20,20,LOW,6 anomalous events detected | No known legitimate context recorded
U0701,6.666666666666667,2.8,3.4,0.51,0.0048214285714286,NORMAL,8.0,30,0,5,35,LOW,NO_KNOWN_CHANGE,No legitimate context recorded,0.0,0,35,35,LOW,8 anomalous events detected | Gradual behavioral change detected | No known legitimate context recorded
U0702,5.933333333333334,7.6,6.8,1.146067415730337,-0.0054173354735152,NORMAL,4.0,10,0,0,10,LOW,NO_KNOWN_CHANGE,No legitimate context recorded,0.0,0,10,10,LOW,4 anomalous event(s) detected | No known legitimate context recorded
U0703,4.866666666666666,4.0,5.6,1.1506849315068493,0.0432974559686888,LOW SHIFT,3.0,10,0,5,15,LOW,NO_KNOWN_CHANGE,No legitimate context recorded,0.0,0,15,15,LOW,3 anomalous event(s) detected | Gradual behavioral change detected | No known legitimate context recorded
U0704,5.8,6.6,8.2,1.4137931034482758,0.0160098522167487,LOW SHIFT,3.0,10,0,5,15,LOW,NO_KNOWN_CHANGE,No legitimate context recorded,0.0,0,15,15,LOW,3 anomalous event(s) detected | Gradual behavioral change detected | No known legitimate context recorded
U0705,5.0,4.8,5.6,1.12,0.0021428571428572,NORMAL,7.0,20,0,5,25,LOW,NO_KNOWN_CHANGE,No legitimate context recorded,0.0,0,25,25,LOW,7 anomalous events detected | Gradual behavioral change detected | No known legitimate context recorded
U0706,7.2,7.6,7.2,1.0,-0.0039682539682539,NORMAL,5.0,20,0,0,20,LOW,NO_KNOWN_CHANGE,No legitimate context recorded,0.0,0,20,20,LOW,5 anomalous events detected | No known legitimate context recorded
U0707,3.6,5.2,3.0,0.8333333333333333,-0.0496031746031746,NORMAL,5.0,20,0,0,20,LOW,NO_KNOWN_CHANGE,No legitimate context recorded,0.0,0,20,20,LOW,5 anomalous events detected | No known legitimate context recorded
U0708,5.2,7.2,6.4,1.2307692307692308,-0.0233516483516483,NORMAL,8.0,30,0,0,30,LOW,NO_KNOWN_CHANGE,No legitimate context recorded,0.0,0,30,30,LOW,8 anomalous events detected | No known legitimate context recorded
U0709,6.133333333333334,6.2,3.6,0.5869565217391304,-0.0361024844720495,NORMAL,6.0,20,0,0,20,LOW,NO_KNOWN_CHANGE,No legitimate context recorded,0.0,0,20,20,LOW,6 anomalous events detected | No known legitimate context recorded
U0710,5.8,3.0,6.0,1.0344827586206895,0.0449507389162561,LOW SHIFT,5.0,20,0,5,25,LOW,NO_KNOWN_CHANGE,No legitimate context recorded,0.0,0,25,25,LOW,5 anomalous events detected | Gradual behavioral change detected | No known legitimate context recorded
U0711,5.8,5.0,7.6,1.3103448275862069,0.0320197044334974,LOW SHIFT,9.0,30,0,5,35,LOW,NO_KNOWN_CHANGE,No legitimate context recorded,0.0,0,35,35,LOW,9 anomalous events detected | Gradual behavioral change detected | No known legitimate context recorded
U0712,5.533333333333333,4.8,5.8,1.0481927710843373,0.0012908777969018,NORMAL,7.0,20,0,5,25,LOW,NO_KNOWN_CHANGE,No legitimate context recorded,0.0,0,25,25,LOW,7 anomalous events detected | Gradual behavioral change detected | No known legitimate context recorded
U0713,5.6,3.0,3.0,0.5357142857142857,-0.0025510204081632,NORMAL,8.0,30,0,0,30,LOW,NO_KNOWN_CHANGE,No legitimate context recorded,0.0,0,30,30,LOW,8 anomalous events detected | No known legitimate context recorded
U0714,6.666666666666667,4.8,5.6,0.8399999999999999,0.0182142857142857,LOW SHIFT,4.0,10,0,5,15,LOW,NO_KNOWN_CHANGE,No legitimate context recorded,0.0,0,15,15,LOW,4 anomalous event(s) detected | Gradual behavioral change detected | No known legitimate context recorded
U0715,6.333333333333333,6.2,2.8,0.4421052631578947,-0.0343984962406015,NORMAL,6.0,20,0,0,20,LOW,NO_KNOWN_CHANGE,No legitimate context recorded,0.0,0,20,20,LOW,6 anomalous events detected | No known legitimate context recorded
U0716,4.333333333333333,6.0,3.8,0.8769230769230769,-0.0395604395604394,NORMAL,6.0,20,0,0,20,LOW,NO_KNOWN_CHANGE,No legitimate context recorded,0.0,0,20,20,LOW,6 anomalous events detected | No known legitimate context recorded
U0717,6.6,6.8,6.4,0.9696969696969698,-0.0048701298701298,NORMAL,5.0,20,0,0,20,LOW,NO_KNOWN_CHANGE,No legitimate context recorded,0.0,0,20,20,LOW,5 anomalous events detected | No known legitimate context recorded
U0718,4.266666666666667,5.2,5.8,1.359375,0.0217633928571428,LOW SHIFT,6.0,20,0,5,25,LOW,NO_KNOWN_CHANGE,No legitimate context recorded,0.0,0,25,25,LOW,6 anomalous events detected | Gradual behavioral change detected | No known legitimate context recorded
U0719,4.866666666666666,7.4,5.0,1.0273972602739727,-0.030821917808219,NORMAL,8.0,30,0,0,30,LOW,NO_KNOWN_CHANGE,No legitimate context recorded,0.0,0,30,30,LOW,8 anomalous events detected | No known legitimate context recorded
U0720,5.6,6.6,7.0,1.25,-0.0031887755102041,NORMAL,6.0,20,0,0,20,LOW,NO_KNOWN_CHANGE,No legitimate context recorded,0.0,0,20,20,LOW,6 anomalous events detected | No known legitimate context recorded
U0721,7.2,4.0,5.8,0.8055555555555555,0.0396825396825397,LOW SHIFT,6.0,20,0,5,25,LOW,NO_KNOWN_CHANGE,No legitimate context recorded,0.0,0,25,25,LOW,6 anomalous events detected | Gradual behavioral change detected | No known legitimate context recorded
U0722,6.4,4.2,3.8,0.5937499999999999,-0.0044642857142856,NORMAL,5.0,20,0,0,20,LOW,NO_KNOWN_CHANGE,No legitimate context recorded,0.0,0,20,20,LOW,5 anomalous events detected | No known legitimate context recorded
U0723,5.733333333333333,5.0,6.2,1.0813953488372092,0.0305232558139534,LOW SHIFT,8.0,30,0,5,35,LOW,NO_KNOWN_CHANGE,No legitimate context recorded,0.0,0,35,35,LOW,8 anomalous events detected | Gradual behavioral change detected | No known legitimate context recorded
U0724,6.466666666666667,4.6,6.0,0.9278350515463918,0.0165684830633284,LOW SHIFT,6.0,20,0,5,25,LOW,NO_KNOWN_CHANGE,No legitimate context recorded,0.0,0,25,25,LOW,6 anomalous events detected | Gradual behavioral change detected | No known legitimate context recorded
U0725,5.666666666666667,7.0,3.8,0.6705882352941176,-0.0592436974789914,NORMAL,8.0,30,0,0,30,LOW,NO_KNOWN_CHANGE,No legitimate context recorded,0.0,0,30,30,LOW,8 anomalous events detected | No known legitimate context recorded
U0726,5.8,5.0,5.2,0.896551724137931,0.0252463054187192,LOW SHIFT,4.0,10,0,5,15,LOW,NO_KNOWN_CHANGE,No legitimate context recorded,0.0,0,15,15,LOW,4 anomalous event(s) detected | Gradual behavioral change detected | No known legitimate context recorded
U0727,5.866666666666666,4.8,6.6,1.125,0.0188717532467532,LOW SHIFT,1.0,0,0,5,5,LOW,NO_KNOWN_CHANGE,No legitimate context recorded,0.0,0,5,5,LOW,1 anomalous event(s) detected | Gradual behavioral change detected | No known legitimate context recorded
U0728,4.466666666666667,5.8,5.2,1.164179104477612,-0.0375799573560767,NORMAL,7.0,20,0,0,20,LOW,NO_KNOWN_CHANGE,No legitimate context recorded,0.0,0,20,20,LOW,7 anomalous events detected | No known legitimate context recorded
U0729,5.933333333333334,5.4,5.8,0.9775280898876404,0.0270866773675762,LOW SHIFT,1.0,0,0,5,5,LOW,NO_KNOWN_CHANGE,No legitimate context recorded,0.0,0,5,5,LOW,1 anomalous event(s) detected | Gradual behavioral change detected | No known legitimate context recorded
U0730,6.0,4.6,3.2,0.5333333333333333,-0.0220238095238094,NORMAL,4.0,10,0,0,10,LOW,NO_KNOWN_CHANGE,No legitimate context recorded,0.0,0,10,10,LOW,4 anomalous event(s) detected | No known legitimate context recorded
U0731,6.133333333333334,2.2,4.0,0.6521739130434783,0.0244565217391304,LOW SHIFT,5.0,20,0,5,25,LOW,NO_KNOWN_CHANGE,No legitimate context recorded,0.0,0,25,25,LOW,5 anomalous events detected | Gradual behavioral change detected | No known legitimate context recorded
U0732,4.666666666666667,5.0,2.6,0.5571428571428572,-0.0573979591836734,NORMAL,7.0,20,0,0,20,LOW,NO_KNOWN_CHANGE,No legitimate context recorded,0.0,0,20,20,LOW,7 anomalous events detected | No known legitimate context recorded
U0733,4.466666666666667,6.4,6.6,1.4776119402985073,0.0207889125799573,LOW SHIFT,5.0,20,0,5,25,LOW,NO_KNOWN_CHANGE,No legitimate context recorded,0.0,0,25,25,LOW,5 anomalous events detected | Gradual behavioral change detected | No known legitimate context recorded
U0734,5.4,5.4,5.6,1.037037037037037,0.0224867724867724,LOW SHIFT,4.0,10,0,5,15,LOW,NO_KNOWN_CHANGE,No legitimate context recorded,0.0,0,15,15,LOW,4 anomalous event(s) detected | Gradual behavioral change detected | No known legitimate context recorded
U0735,3.8,7.2,6.2,1.6315789473684212,-0.0667293233082707,LOW SHIFT,7.0,20,10,0,30,LOW,NO_KNOWN_CHANGE,No legitimate context recorded,0.0,0,30,30,LOW,7 anomalous events detected | No known legitimate context recorded
U0736,4.933333333333334,8.0,6.0,1.2162162162162162,-0.0434362934362934,NORMAL,7.0,20,0,0,20,LOW,NO_KNOWN_CHANGE,No legitimate context recorded,0.0,0,20,20,LOW,7 anomalous events detected | No known legitimate context recorded
U0737,5.8,6.0,4.4,0.7586206896551725,-0.0153940886699506,NORMAL,5.0,20,0,0,20,LOW,NO_KNOWN_CHANGE,No legitimate context recorded,0.0,0,20,20,LOW,5 anomalous events detected | No known legitimate context recorded
U0738,4.866666666666666,7.0,5.8,1.1917808219178083,-0.0220156555772993,NORMAL,8.0,30,0,0,30,LOW,NO_KNOWN_CHANGE,No legitimate context recorded,0.0,0,30,30,LOW,8 anomalous events detected | No known legitimate context recorded
U0739,4.933333333333334,6.4,8.0,1.6216216216216215,0.0144787644787644,LOW SHIFT,2.0,10,10,5,25,LOW,NO_KNOWN_CHANGE,No legitimate context recorded,0.0,0,25,25,LOW,2 anomalous event(s) detected | Gradual behavioral change detected | No known legitimate context recorded
U0740,5.733333333333333,4.4,6.6,1.1511627906976742,0.0454734219269102,LOW SHIFT,8.0,30,0,5,35,LOW,NO_KNOWN_CHANGE,No legitimate context recorded,0.0,0,35,35,LOW,8 anomalous events detected | Gradual behavioral change detected | No known legitimate context recorded
U0741,6.4,6.8,8.0,1.25,0.0150669642857143,LOW SHIFT,1.0,0,0,5,5,LOW,NO_KNOWN_CHANGE,No legitimate context recorded,0.0,0,5,5,LOW,1 anomalous event(s) detected | Gradual behavioral change detected | No known legitimate context recorded
U0742,5.733333333333333,5.2,7.0,1.2209302325581397,0.0323920265780731,LOW SHIFT,4.0,10,0,5,15,LOW,NO_KNOWN_CHANGE,No legitimate context recorded,0.0,0,15,15,LOW,4 anomalous event(s) detected | Gradual behavioral change detected | No known legitimate context recorded
U0743,6.333333333333333,6.6,5.4,0.8526315789473685,-0.0242481203007518,NORMAL,7.0,20,0,0,20,LOW,NO_KNOWN_CHANGE,No legitimate context recorded,0.0,0,20,20,LOW,7 anomalous events detected | No known legitimate context recorded
U0744,6.266666666666667,6.2,6.0,0.9574468085106383,-0.0056990881458967,NORMAL,4.0,10,0,0,10,LOW,NO_KNOWN_CHANGE,No legitimate context recorded,0.0,0,10,10,LOW,4 anomalous event(s) detected | No known legitimate context recorded
U0745,5.066666666666666,7.2,2.2,0.4342105263157895,-0.100798872180451,NORMAL,5.0,20,0,0,20,LOW,NO_KNOWN_CHANGE,No legitimate context recorded,0.0,0,20,20,LOW,5 anomalous events detected | No known legitimate context recorded
U0746,5.0,5.8,4.2,0.8400000000000001,-0.0107142857142857,NORMAL,3.0,10,0,0,10,LOW,NO_KNOWN_CHANGE,No legitimate context recorded,0.0,0,10,10,LOW,3 anomalous event(s) detected | No known legitimate context recorded
U0747,6.066666666666666,7.0,5.6,0.923076923076923,-0.0170722135007849,NORMAL,5.0,20,0,0,20,LOW,NO_KNOWN_CHANGE,No legitimate context recorded,0.0,0,20,20,LOW,5 anomalous events detected | No known legitimate context recorded
U0748,4.133333333333334,4.6,6.4,1.5483870967741935,0.0578917050691243,LOW SHIFT,8.0,30,10,5,45,MEDIUM,NO_KNOWN_CHANGE,No legitimate context recorded,0.0,0,45,45,MEDIUM,8 anomalous events detected | Gradual behavioral change detected | No known legitimate context recorded
U0749,4.8,6.0,4.6,0.9583333333333331,-0.0119047619047618,NORMAL,9.0,30,0,0,30,LOW,NO_KNOWN_CHANGE,No legitimate context recorded,0.0,0,30,30,LOW,9 anomalous events detected | No known legitimate context recorded
U0750,5.266666666666667,7.0,5.6,1.0632911392405062,-0.0108499095840868,NORMAL,3.0,10,0,0,10,LOW,NO_KNOWN_CHANGE,No legitimate context recorded,0.0,0,10,10,LOW,3 anomalous event(s) detected | No known legitimate context recorded
U0751,6.133333333333334,6.6,5.8,0.9456521739130432,-0.0093167701863353,NORMAL,7.0,20,0,0,20,LOW,NO_KNOWN_CHANGE,No legitimate context recorded,0.0,0,20,20,LOW,7 anomalous events detected | No known legitimate context recorded
U0752,5.733333333333333,3.8,6.8,1.1860465116279069,0.0429817275747508,LOW SHIFT,3.0,10,0,5,15,LOW,NO_KNOWN_CHANGE,No legitimate context recorded,0.0,0,15,15,LOW,3 anomalous event(s) detected | Gradual behavioral change detected | No known legitimate context recorded
U0753,5.666666666666667,5.2,5.8,1.0235294117647058,0.0012605042016806,NORMAL,2.0,10,0,5,15,LOW,NO_KNOWN_CHANGE,No legitimate context recorded,0.0,0,15,15,LOW,2 anomalous event(s) detected | Gradual behavioral change detected | No known legitimate context recorded
U0754,5.933333333333334,6.0,5.0,0.8426966292134831,-0.0282905296950241,NORMAL,4.0,10,0,0,10,LOW,NO_KNOWN_CHANGE,No legitimate context recorded,0.0,0,10,10,LOW,4 anomalous event(s) detected | No known legitimate context recorded
U0755,6.066666666666666,7.2,6.2,1.021978021978022,-0.0076530612244897,NORMAL,3.0,10,0,0,10,LOW,NO_KNOWN_CHANGE,No legitimate context recorded,0.0,0,10,10,LOW,3 anomalous event(s) detected | No known legitimate context recorded
U0756,5.4,5.0,4.8,0.8888888888888888,-0.0271164021164021,NORMAL,5.0,20,0,0,20,LOW,NO_KNOWN_CHANGE,No legitimate context recorded,0.0,0,20,20,LOW,5 anomalous events detected | No known legitimate context recorded
U0757,5.6,5.4,5.0,0.8928571428571429,-0.0178571428571429,NORMAL,6.0,20,0,0,20,LOW,NO_KNOWN_CHANGE,No legitimate context recorded,0.0,0,20,20,LOW,6 anomalous events detected | No known legitimate context recorded
U0758,4.933333333333334,6.6,4.8,0.9729729729729728,-0.0311293436293436,NORMAL,6.0,20,0,0,20,LOW,NO_KNOWN_CHANGE,No legitimate context recorded,0.0,0,20,20,LOW,6 anomalous events detected | No known legitimate context recorded
U0759,5.733333333333333,3.6,5.2,0.9069767441860466,0.0317691029900332,LOW SHIFT,6.0,20,0,5,25,LOW,NO_KNOWN_CHANGE,No legitimate context recorded,0.0,0,25,25,LOW,6 anomalous events detected | Gradual behavioral change detected | No known legitimate context recorded
U0760,4.866666666666666,6.8,6.2,1.2739726027397262,-0.0051369863013698,NORMAL,5.0,20,0,0,20,LOW,NO_KNOWN_CHANGE,No legitimate context recorded,0.0,0,20,20,LOW,5 anomalous events detected | No known legitimate context recorded
U0761,5.533333333333333,7.0,6.2,1.1204819277108435,-0.0090361445783132,NORMAL,8.0,30,0,0,30,LOW,NO_KNOWN_CHANGE,No legitimate context recorded,0.0,0,30,30,LOW,8 anomalous events detected | No known legitimate context recorded
U0762,4.133333333333334,3.8,4.6,1.1129032258064515,0.0224654377880184,LOW SHIFT,5.0,20,0,5,25,LOW,NO_KNOWN_CHANGE,No legitimate context recorded,0.0,0,25,25,LOW,5 anomalous events detected | Gradual behavioral change detected | No known legitimate context recorded
U0763,5.2,7.4,5.0,0.9615384615384616,-0.0467032967032966,NORMAL,6.0,20,0,0,20,LOW,NO_KNOWN_CHANGE,No legitimate context recorded,0.0,0,20,20,LOW,6 anomalous events detected | No known legitimate context recorded
U0764,6.0,5.6,4.0,0.6666666666666666,-0.025595238095238,NORMAL,3.0,10,0,0,10,LOW,NO_KNOWN_CHANGE,No legitimate context recorded,0.0,0,10,10,LOW,3 anomalous event(s) detected | No known legitimate context recorded
U0765,5.866666666666666,5.6,5.0,0.8522727272727273,-0.0085227272727272,NORMAL,4.0,10,0,0,10,LOW,NO_KNOWN_CHANGE,No legitimate context recorded,0.0,0,10,10,LOW,4 anomalous event(s) detected | No known legitimate context recorded
U0766,4.2,5.0,3.0,0.7142857142857143,-0.0382653061224488,NORMAL,6.0,20,0,0,20,LOW,NO_KNOWN_CHANGE,No legitimate context recorded,0.0,0,20,20,LOW,6 anomalous events detected | No known legitimate context recorded
U0767,4.733333333333333,2.8,6.2,1.3098591549295775,0.0724346076458752,LOW SHIFT,2.0,10,0,5,15,LOW,NO_KNOWN_CHANGE,No legitimate context recorded,0.0,0,15,15,LOW,2 anomalous event(s) detected | Gradual behavioral change detected | No known legitimate context recorded
U0768,5.2,4.8,6.0,1.1538461538461535,0.0412087912087912,LOW SHIFT,4.0,10,0,5,15,LOW,NO_KNOWN_CHANGE,No legitimate context recorded,0.0,0,15,15,LOW,4 anomalous event(s) detected | Gradual behavioral change detected | No known legitimate context recorded
U0769,6.6,4.6,6.0,0.9090909090909092,0.0064935064935064,NORMAL,6.0,20,0,5,25,LOW,NO_KNOWN_CHANGE,No legitimate context recorded,0.0,0,25,25,LOW,6 anomalous events detected | Gradual behavioral change detected | No known legitimate context recorded
U0770,6.133333333333334,6.4,5.8,0.9456521739130432,-0.0069875776397515,NORMAL,1.0,0,0,0,0,LOW,NO_KNOWN_CHANGE,No legitimate context recorded,0.0,0,0,0,LOW,1 anomalous event(s) detected | No known legitimate context recorded
U0771,6.133333333333334,6.8,5.2,0.8478260869565217,-0.0180512422360248,NORMAL,4.0,10,0,0,10,LOW,NO_KNOWN_CHANGE,No legitimate context recorded,0.0,0,10,10,LOW,4 anomalous event(s) detected | No known legitimate context recorded
U0772,5.333333333333333,4.6,7.6,1.425,0.041517857142857,LOW SHIFT,4.0,10,0,5,15,LOW,NO_KNOWN_CHANGE,No legitimate context recorded,0.0,0,15,15,LOW,4 anomalous event(s) detected | Gradual behavioral change detected | No known legitimate context recorded
U0773,4.8,6.6,7.8,1.625,0.0208333333333332,LOW SHIFT,1.0,0,10,5,15,LOW,NO_KNOWN_CHANGE,No legitimate context recorded,0.0,0,15,15,LOW,1 anomalous event(s) detected | Gradual behavioral change detected | No known legitimate context recorded
U0774,6.133333333333334,5.6,4.6,0.7499999999999999,-0.0145574534161491,NORMAL,4.0,10,0,0,10,LOW,NO_KNOWN_CHANGE,No legitimate context recorded,0.0,0,10,10,LOW,4 anomalous event(s) detected | No known legitimate context recorded
U0775,6.466666666666667,5.0,6.0,0.9278350515463918,0.0165684830633284,LOW SHIFT,5.0,20,0,5,25,LOW,NO_KNOWN_CHANGE,No legitimate context recorded,0.0,0,25,25,LOW,5 anomalous events detected | Gradual behavioral change detected | No known legitimate context recorded
U0776,4.733333333333333,4.6,5.0,1.056338028169014,0.0143360160965795,LOW SHIFT,2.0,10,0,5,15,LOW,NO_KNOWN_CHANGE,No legitimate context recorded,0.0,0,15,15,LOW,2 anomalous event(s) detected | Gradual behavioral change detected | No known legitimate context recorded
U0777,6.266666666666667,6.4,5.2,0.8297872340425533,-0.0011398176291793,NORMAL,7.0,20,0,0,20,LOW,NO_KNOWN_CHANGE,No legitimate context recorded,0.0,0,20,20,LOW,7 anomalous events detected | No known legitimate context recorded
U0778,4.333333333333333,3.6,6.6,1.523076923076923,0.0766483516483516,LOW SHIFT,8.0,30,10,5,45,MEDIUM,NO_KNOWN_CHANGE,No legitimate context recorded,0.0,0,45,45,MEDIUM,8 anomalous events detected | Gradual behavioral change detected | No known legitimate context recorded
U0779,5.8,3.6,5.8,1.0,0.0246305418719211,LOW SHIFT,7.0,20,0,5,25,LOW,NO_KNOWN_CHANGE,No legitimate context recorded,0.0,0,25,25,LOW,7 anomalous events detected | Gradual behavioral change detected | No known legitimate context recorded
U0780,7.333333333333333,5.0,4.4,0.6000000000000001,-0.0029220779220778,NORMAL,8.0,30,0,0,30,LOW,NO_KNOWN_CHANGE,No legitimate context recorded,0.0,0,30,30,LOW,8 anomalous events detected | No known legitimate context recorded
U0781,5.2,4.6,3.8,0.7307692307692307,-0.0006868131868131,NORMAL,7.0,20,0,0,20,LOW,NO_KNOWN_CHANGE,No legitimate context recorded,0.0,0,20,20,LOW,7 anomalous events detected | No known legitimate context recorded
U0782,4.8,4.6,4.4,0.9166666666666669,-0.0104166666666667,NORMAL,4.0,10,0,0,10,LOW,NO_KNOWN_CHANGE,No legitimate context recorded,0.0,0,10,10,LOW,4 anomalous event(s) detected | No known legitimate context recorded
U0783,5.4,6.0,6.0,1.111111111111111,-0.0099206349206349,NORMAL,7.0,20,0,0,20,LOW,NO_KNOWN_CHANGE,No legitimate context recorded,0.0,0,20,20,LOW,7 anomalous events detected | No known legitimate context recorded
U0784,4.733333333333333,6.2,4.4,0.9295774647887324,-0.0437625754527162,NORMAL,5.0,20,0,0,20,LOW,NO_KNOWN_CHANGE,No legitimate context recorded,0.0,0,20,20,LOW,5 anomalous events detected | No known legitimate context recorded
U0785,4.133333333333334,5.2,3.0,0.7258064516129031,-0.0475230414746542,NORMAL,1.0,0,0,0,0,LOW,NO_KNOWN_CHANGE,No legitimate context recorded,0.0,0,0,0,LOW,1 anomalous event(s) detected | No known legitimate context recorded
U0786,5.066666666666666,7.2,6.4,1.2631578947368425,0.011983082706767,LOW SHIFT,7.0,20,0,5,25,LOW,NO_KNOWN_CHANGE,No legitimate context recorded,0.0,0,25,25,LOW,7 anomalous events detected | Gradual behavioral change detected | No known legitimate context recorded
U0787,6.466666666666667,6.2,6.4,0.9896907216494846,0.0248527245949926,LOW SHIFT,7.0,20,0,5,25,LOW,NO_KNOWN_CHANGE,No legitimate context recorded,0.0,0,25,25,LOW,7 anomalous events detected | Gradual behavioral change detected | No known legitimate context recorded
U0788,5.6,5.4,7.0,1.25,0.027423469387755,LOW SHIFT,3.0,10,0,5,15,LOW,NO_KNOWN_CHANGE,No legitimate context recorded,0.0,0,15,15,LOW,3 anomalous event(s) detected | Gradual behavioral change detected | No known legitimate context recorded
U0789,6.266666666666667,7.6,5.4,0.8617021276595745,-0.0393237082066868,NORMAL,7.0,20,0,0,20,LOW,NO_KNOWN_CHANGE,No legitimate context recorded,0.0,0,20,20,LOW,7 anomalous events detected | No known legitimate context recorded
U0790,5.266666666666667,6.2,6.0,1.139240506329114,-0.004746835443038,NORMAL,4.0,10,0,0,10,LOW,NO_KNOWN_CHANGE,No legitimate context recorded,0.0,0,10,10,LOW,4 anomalous event(s) detected | No known legitimate context recorded
U0791,6.933333333333334,5.2,6.8,0.9807692307692308,0.0257554945054945,LOW SHIFT,7.0,20,0,5,25,LOW,NO_KNOWN_CHANGE,No legitimate context recorded,0.0,0,25,25,LOW,7 anomalous events detected | Gradual behavioral change detected | No known legitimate context recorded
U0792,5.866666666666666,6.8,5.6,0.9545454545454546,-0.0280032467532467,NORMAL,3.0,10,0,0,10,LOW,NO_KNOWN_CHANGE,No legitimate context recorded,0.0,0,10,10,LOW,3 anomalous event(s) detected | No known legitimate context recorded
U0793,5.533333333333333,6.0,7.4,1.3373493975903616,0.0161359724612736,LOW SHIFT,2.0,10,0,5,15,LOW,NO_KNOWN_CHANGE,No legitimate context recorded,0.0,0,15,15,LOW,2 anomalous event(s) detected | Gradual behavioral change detected | No known legitimate context recorded
U0794,4.466666666666667,3.8,7.8,1.7462686567164178,0.0743603411513858,LOW SHIFT,4.0,10,10,5,25,LOW,NO_KNOWN_CHANGE,No legitimate context recorded,0.0,0,25,25,LOW,4 anomalous event(s) detected | Gradual behavioral change detected | No known legitimate context recorded
U0795,5.466666666666667,5.0,5.4,0.9878048780487804,0.0111062717770034,LOW SHIFT,7.0,20,0,5,25,LOW,NO_KNOWN_CHANGE,No legitimate context recorded,0.0,0,25,25,LOW,7 anomalous events detected | Gradual behavioral change detected | No known legitimate context recorded
U0796,6.2,5.2,5.6,0.9032258064516128,-0.0011520737327189,NORMAL,11.0,30,0,0,30,LOW,NO_KNOWN_CHANGE,No legitimate context recorded,0.0,0,30,30,LOW,11 anomalous events detected | No known legitimate context recorded
U0797,6.133333333333334,5.8,5.6,0.9130434782608694,-0.0017468944099378,NORMAL,5.0,20,0,0,20,LOW,NO_KNOWN_CHANGE,No legitimate context recorded,0.0,0,20,20,LOW,5 anomalous events detected | No known legitimate context recorded
U0798,7.066666666666666,7.8,3.8,0.5377358490566038,-0.0515498652291104,NORMAL,4.0,10,0,0,10,LOW,NO_KNOWN_CHANGE,No legitimate context recorded,0.0,0,10,10,LOW,4 anomalous event(s) detected | No known legitimate context recorded
U0799,5.6,6.4,4.6,0.8214285714285714,-0.0414540816326529,NORMAL,3.0,10,0,0,10,LOW,NO_KNOWN_CHANGE,No legitimate context recorded,0.0,0,10,10,LOW,3 anomalous event(s) detected | No known legitimate context recorded
U0800,6.066666666666666,6.0,3.4,0.5604395604395604,-0.0447409733124017,NORMAL,2.0,10,0,0,10,LOW,NO_KNOWN_CHANGE,No legitimate context recorded,0.0,0,10,10,LOW,2 anomalous event(s) detected | No known legitimate context recorded
U0801,5.2,4.2,6.0,1.1538461538461535,0.0460164835164835,LOW SHIFT,3.0,10,0,5,15,LOW,NO_KNOWN_CHANGE,No legitimate context recorded,0.0,0,15,15,LOW,3 anomalous event(s) detected | Gradual behavioral change detected | No known legitimate context recorded
U0802,6.133333333333334,7.8,7.0,1.141304347826087,-0.0110636645962733,NORMAL,4.0,10,0,0,10,LOW,NO_KNOWN_CHANGE,No legitimate context recorded,0.0,0,10,10,LOW,4 anomalous event(s) detected | No known legitimate context recorded
U0803,6.266666666666667,4.6,5.4,0.8617021276595745,0.0142477203647416,LOW SHIFT,6.0,20,0,5,25,LOW,NO_KNOWN_CHANGE,No legitimate context recorded,0.0,0,25,25,LOW,6 anomalous events detected | Gradual behavioral change detected | No known legitimate context recorded
U0804,5.6,6.4,5.4,0.9642857142857144,-0.0184948979591836,NORMAL,4.0,10,0,0,10,LOW,NO_KNOWN_CHANGE,No legitimate context recorded,0.0,0,10,10,LOW,4 anomalous event(s) detected | No known legitimate context recorded
U0805,6.0,5.8,3.8,0.6333333333333333,-0.0202380952380951,NORMAL,9.0,30,0,0,30,LOW,NO_KNOWN_CHANGE,No legitimate context recorded,0.0,0,30,30,LOW,9 anomalous events detected | No known legitimate context recorded
U0806,5.6,5.2,5.8,1.0357142857142858,0.0082908163265305,NORMAL,3.0,10,0,5,15,LOW,NO_KNOWN_CHANGE,No legitimate context recorded,0.0,0,15,15,LOW,3 anomalous event(s) detected | Gradual behavioral change detected | No known legitimate context recorded
U0807,5.333333333333333,7.0,2.0,0.375,-0.0676339285714285,NORMAL,7.0,20,0,0,20,LOW,NO_KNOWN_CHANGE,No legitimate context recorded,0.0,0,20,20,LOW,7 anomalous events detected | No known legitimate context recorded
U0808,4.733333333333333,5.0,5.4,1.1408450704225352,0.0158450704225351,LOW SHIFT,2.0,10,0,5,15,LOW,NO_KNOWN_CHANGE,No legitimate context recorded,0.0,0,15,15,LOW,2 anomalous event(s) detected | Gradual behavioral change detected | No known legitimate context recorded
U0809,4.333333333333333,4.6,4.0,0.9230769230769232,-0.0115384615384615,NORMAL,3.0,10,0,0,10,LOW,NO_KNOWN_CHANGE,No legitimate context recorded,0.0,0,10,10,LOW,3 anomalous event(s) detected | No known legitimate context recorded
U0810,7.4,5.4,5.2,0.7027027027027027,0.0183397683397683,LOW SHIFT,11.0,30,0,5,35,LOW,NO_KNOWN_CHANGE,No legitimate context recorded,0.0,0,35,35,LOW,11 anomalous events detected | Gradual behavioral change detected | No known legitimate context recorded
U0811,4.666666666666667,5.4,3.6,0.7714285714285714,-0.0459183673469387,NORMAL,7.0,20,0,0,20,LOW,NO_KNOWN_CHANGE,No legitimate context recorded,0.0,0,20,20,LOW,7 anomalous events detected | No known legitimate context recorded
U0812,5.2,4.6,4.0,0.7692307692307692,0.0013736263736264,NORMAL,5.0,20,0,5,25,LOW,NO_KNOWN_CHANGE,No legitimate context recorded,0.0,0,25,25,LOW,5 anomalous events detected | Gradual behavioral change detected | No known legitimate context recorded
U0813,4.466666666666667,6.6,4.4,0.9850746268656716,-0.0335820895522388,NORMAL,4.0,10,0,0,10,LOW,NO_KNOWN_CHANGE,No legitimate context recorded,0.0,0,10,10,LOW,4 anomalous event(s) detected | No known legitimate context recorded
U0814,4.733333333333333,5.8,5.0,1.056338028169014,-0.0143360160965795,NORMAL,3.0,10,0,0,10,LOW,NO_KNOWN_CHANGE,No legitimate context recorded,0.0,0,10,10,LOW,3 anomalous event(s) detected | No known legitimate context recorded
U0815,5.266666666666667,4.6,6.0,1.139240506329114,0.0278028933092223,LOW SHIFT,10.0,30,0,5,35,LOW,NO_KNOWN_CHANGE,No legitimate context recorded,0.0,0,35,35,LOW,10 anomalous events detected | Gradual behavioral change detected | No known legitimate context recorded
U0816,5.333333333333333,5.2,4.8,0.9,-0.0174107142857142,NORMAL,3.0,10,0,0,10,LOW,NO_KNOWN_CHANGE,No legitimate context recorded,0.0,0,10,10,LOW,3 anomalous event(s) detected | No known legitimate context recorded
U0817,4.533333333333333,8.6,7.0,1.5441176470588236,-0.0488445378151259,LOW SHIFT,4.0,10,10,0,20,LOW,NO_KNOWN_CHANGE,No legitimate context recorded,0.0,0,20,20,LOW,4 anomalous event(s) detected | No known legitimate context recorded
U0818,4.6,4.6,7.6,1.6521739130434785,0.027950310559006,LOW SHIFT,5.0,20,10,5,35,LOW,NO_KNOWN_CHANGE,No legitimate context recorded,0.0,0,35,35,LOW,5 anomalous events detected | Gradual behavioral change detected | No known legitimate context recorded
U0819,5.333333333333333,5.0,7.2,1.35,0.0154017857142856,LOW SHIFT,4.0,10,0,5,15,LOW,NO_KNOWN_CHANGE,No legitimate context recorded,0.0,0,15,15,LOW,4 anomalous event(s) detected | Gradual behavioral change detected | No known legitimate context recorded
U0820,6.066666666666666,6.0,6.2,1.021978021978022,0.010596546310832,LOW SHIFT,5.0,20,0,5,25,LOW,NO_KNOWN_CHANGE,No legitimate context recorded,0.0,0,25,25,LOW,5 anomalous events detected | Gradual behavioral change detected | No known legitimate context recorded
U0821,4.133333333333334,5.6,4.0,0.9677419354838708,-0.0380184331797234,NORMAL,2.0,10,0,0,10,LOW,NO_KNOWN_CHANGE,No legitimate context recorded,0.0,0,10,10,LOW,2 anomalous event(s) detected | No known legitimate context recorded
U0822,5.133333333333334,7.8,4.6,0.896103896103896,-0.0640074211502782,NORMAL,5.0,20,0,0,20,LOW,NO_KNOWN_CHANGE,No legitimate context recorded,0.0,0,20,20,LOW,5 anomalous events detected | No known legitimate context recorded
U0823,5.333333333333333,5.6,4.2,0.7875000000000001,-0.0220982142857143,NORMAL,5.0,20,0,0,20,LOW,NO_KNOWN_CHANGE,No legitimate context recorded,0.0,0,20,20,LOW,5 anomalous events detected | No known legitimate context recorded
U0824,5.733333333333333,4.6,7.0,1.2209302325581397,0.0485880398671096,LOW SHIFT,4.0,10,0,5,15,LOW,NO_KNOWN_CHANGE,No legitimate context recorded,0.0,0,15,15,LOW,4 anomalous event(s) detected | Gradual behavioral change detected | No known legitimate context recorded
U0825,5.533333333333333,4.4,3.6,0.6506024096385542,-0.0148450946643717,NORMAL,9.0,30,0,0,30,LOW,NO_KNOWN_CHANGE,No legitimate context recorded,0.0,0,30,30,LOW,9 anomalous events detected | No known legitimate context recorded
U0826,6.466666666666667,5.8,6.2,0.9587628865979382,-0.0011045655375551,NORMAL,2.0,10,0,0,10,LOW,NO_KNOWN_CHANGE,No legitimate context recorded,0.0,0,10,10,LOW,2 anomalous event(s) detected | No known legitimate context recorded
U0827,5.133333333333334,6.6,3.8,0.7402597402597402,-0.0403525046382189,NORMAL,2.0,10,0,0,10,LOW,NO_KNOWN_CHANGE,No legitimate context recorded,0.0,0,10,10,LOW,2 anomalous event(s) detected | No known legitimate context recorded
U0828,5.6,3.4,8.6,1.5357142857142858,0.0701530612244897,LOW SHIFT,3.0,10,10,5,25,LOW,NO_KNOWN_CHANGE,No legitimate context recorded,0.0,0,25,25,LOW,3 anomalous event(s) detected | Gradual behavioral change detected | No known legitimate context recorded
U0829,7.333333333333333,5.6,4.4,0.6000000000000001,-0.0185064935064935,NORMAL,7.0,20,0,0,20,LOW,NO_KNOWN_CHANGE,No legitimate context recorded,0.0,0,20,20,LOW,7 anomalous events detected | No known legitimate context recorded
U0830,4.133333333333334,7.6,3.6,0.8709677419354838,-0.087269585253456,NORMAL,3.0,10,0,0,10,LOW,NO_KNOWN_CHANGE,No legitimate context recorded,0.0,0,10,10,LOW,3 anomalous event(s) detected | No known legitimate context recorded
U0831,5.466666666666667,8.0,7.4,1.353658536585366,-0.0124128919860626,LOW SHIFT,6.0,20,0,0,20,LOW,NO_KNOWN_CHANGE,No legitimate context recorded,0.0,0,20,20,LOW,6 anomalous events detected | No known legitimate context recorded
U0832,5.333333333333333,5.0,4.2,0.7875000000000001,0.0046875,NORMAL,5.0,20,0,5,25,LOW,NO_KNOWN_CHANGE,No legitimate context recorded,0.0,0,25,25,LOW,5 anomalous events detected | Gradual behavioral change detected | No known legitimate context recorded
U0833,6.066666666666666,7.4,5.2,0.8571428571428572,-0.0306122448979591,NORMAL,3.0,10,0,0,10,LOW,NO_KNOWN_CHANGE,No legitimate context recorded,0.0,0,10,10,LOW,3 anomalous event(s) detected | No known legitimate context recorded
U0834,5.333333333333333,7.2,4.4,0.8250000000000001,-0.0502232142857142,NORMAL,2.0,10,0,0,10,LOW,NO_KNOWN_CHANGE,No legitimate context recorded,0.0,0,10,10,LOW,2 anomalous event(s) detected | No known legitimate context recorded
U0835,5.8,6.4,6.4,1.103448275862069,0.0061576354679803,NORMAL,4.0,10,0,5,15,LOW,NO_KNOWN_CHANGE,No legitimate context recorded,0.0,0,15,15,LOW,4 anomalous event(s) detected | Gradual behavioral change detected | No known legitimate context recorded
U0836,5.666666666666667,4.8,5.6,0.988235294117647,0.0081932773109243,NORMAL,4.0,10,0,5,15,LOW,NO_KNOWN_CHANGE,No legitimate context recorded,0.0,0,15,15,LOW,4 anomalous event(s) detected | Gradual behavioral change detected | No known legitimate context recorded
U0837,6.0,4.8,5.8,0.9666666666666668,0.019047619047619,LOW SHIFT,2.0,10,0,5,15,LOW,NO_KNOWN_CHANGE,No legitimate context recorded,0.0,0,15,15,LOW,2 anomalous event(s) detected | Gradual behavioral change detected | No known legitimate context recorded
U0838,6.4,7.2,3.2,0.5,-0.0552455357142856,NORMAL,6.0,20,0,0,20,LOW,NO_KNOWN_CHANGE,No legitimate context recorded,0.0,0,20,20,LOW,6 anomalous events detected | No known legitimate context recorded
U0839,5.0,5.8,3.2,0.64,-0.057142857142857,NORMAL,2.0,10,0,0,10,LOW,NO_KNOWN_CHANGE,No legitimate context recorded,0.0,0,10,10,LOW,2 anomalous event(s) detected | No known legitimate context recorded
U0840,5.4,5.0,6.2,1.148148148148148,0.0191798941798942,LOW SHIFT,9.0,30,0,5,35,LOW,NO_KNOWN_CHANGE,No legitimate context recorded,0.0,0,35,35,LOW,9 anomalous events detected | Gradual behavioral change detected | No known legitimate context recorded
U0841,5.866666666666666,5.6,7.8,1.3295454545454546,0.0468749999999999,LOW SHIFT,9.0,30,0,5,35,LOW,NO_KNOWN_CHANGE,No legitimate context recorded,0.0,0,35,35,LOW,9 anomalous events detected | Gradual behavioral change detected | No known legitimate context recorded
U0842,6.2,5.6,4.0,0.6451612903225806,-0.0299539170506912,NORMAL,7.0,20,0,0,20,LOW,NO_KNOWN_CHANGE,No legitimate context recorded,0.0,0,20,20,LOW,7 anomalous events detected | No known legitimate context recorded
U0843,5.0,6.8,3.6,0.72,-0.0421428571428569,NORMAL,8.0,30,0,0,30,LOW,NO_KNOWN_CHANGE,No legitimate context recorded,0.0,0,30,30,LOW,8 anomalous events detected | No known legitimate context recorded
U0844,6.133333333333334,6.0,5.4,0.8804347826086957,0.0017468944099378,NORMAL,3.0,10,0,5,15,LOW,NO_KNOWN_CHANGE,No legitimate context recorded,0.0,0,15,15,LOW,3 anomalous event(s) detected | Gradual behavioral change detected | No known legitimate context recorded
U0845,5.733333333333333,7.8,5.6,0.9767441860465116,-0.0411129568106311,NORMAL,5.0,20,0,0,20,LOW,NO_KNOWN_CHANGE,No legitimate context recorded,0.0,0,20,20,LOW,5 anomalous events detected | No known legitimate context recorded
U0846,5.733333333333333,7.2,6.4,1.1162790697674418,-0.0367524916943521,NORMAL,4.0,10,0,0,10,LOW,NO_KNOWN_CHANGE,No legitimate context recorded,0.0,0,10,10,LOW,4 anomalous event(s) detected | No known legitimate context recorded
U0847,5.666666666666667,6.6,5.4,0.9529411764705884,-0.0302521008403361,NORMAL,4.0,10,0,0,10,LOW,NO_KNOWN_CHANGE,No legitimate context recorded,0.0,0,10,10,LOW,4 anomalous event(s) detected | No known legitimate context recorded
U0848,6.333333333333333,3.4,7.8,1.231578947368421,0.0501879699248119,LOW SHIFT,5.0,20,0,5,25,LOW,NO_KNOWN_CHANGE,No legitimate context recorded,0.0,0,25,25,LOW,5 anomalous events detected | Gradual behavioral change detected | No known legitimate context recorded
U0849,5.733333333333333,5.0,6.6,1.1511627906976742,0.0267857142857142,LOW SHIFT,1.0,0,0,5,5,LOW,NO_KNOWN_CHANGE,No legitimate context recorded,0.0,0,5,5,LOW,1 anomalous event(s) detected | Gradual behavioral change detected | No known legitimate context recorded
U0850,5.933333333333334,6.0,5.2,0.8764044943820225,-0.0174558587479935,NORMAL,2.0,10,0,0,10,LOW,NO_KNOWN_CHANGE,No legitimate context recorded,0.0,0,10,10,LOW,2 anomalous event(s) detected | No known legitimate context recorded
U0851,6.266666666666667,6.0,4.6,0.7340425531914894,-0.0250759878419453,NORMAL,4.0,10,0,0,10,LOW,NO_KNOWN_CHANGE,No legitimate context recorded,0.0,0,10,10,LOW,4 anomalous event(s) detected | No known legitimate context recorded
U0852,5.8,5.0,3.6,0.6206896551724138,-0.022167487684729,NORMAL,9.0,30,0,0,30,LOW,NO_KNOWN_CHANGE,No legitimate context recorded,0.0,0,30,30,LOW,9 anomalous events detected | No known legitimate context recorded
U0853,5.933333333333334,4.2,3.6,0.6067415730337079,-0.0144462279293739,NORMAL,8.0,30,0,0,30,LOW,NO_KNOWN_CHANGE,No legitimate context recorded,0.0,0,30,30,LOW,8 anomalous events detected | No known legitimate context recorded
U0854,6.066666666666666,4.6,7.6,1.2527472527472527,0.0547488226059654,LOW SHIFT,6.0,20,0,5,25,LOW,NO_KNOWN_CHANGE,No legitimate context recorded,0.0,0,25,25,LOW,6 anomalous events detected | Gradual behavioral change detected | No known legitimate context recorded
U0855,5.6,5.6,4.4,0.7857142857142858,-0.0223214285714286,NORMAL,3.0,10,0,0,10,LOW,NO_KNOWN_CHANGE,No legitimate context recorded,0.0,0,10,10,LOW,3 anomalous event(s) detected | No known legitimate context recorded
U0856,5.866666666666666,7.4,3.4,0.5795454545454546,-0.0450487012987012,NORMAL,10.0,30,0,0,30,LOW,NO_KNOWN_CHANGE,No legitimate context recorded,0.0,0,30,30,LOW,10 anomalous events detected | No known legitimate context recorded
U0857,5.533333333333333,6.4,5.0,0.9036144578313252,-0.0116179001721169,NORMAL,7.0,20,0,0,20,LOW,NO_KNOWN_CHANGE,No legitimate context recorded,0.0,0,20,20,LOW,7 anomalous events detected | No known legitimate context recorded
U0858,4.333333333333333,4.2,5.2,1.2000000000000002,0.0173076923076922,LOW SHIFT,4.0,10,0,5,15,LOW,NO_KNOWN_CHANGE,No legitimate context recorded,0.0,0,15,15,LOW,4 anomalous event(s) detected | Gradual behavioral change detected | No known legitimate context recorded
U0859,5.066666666666666,3.6,5.8,1.1447368421052633,0.0373590225563909,LOW SHIFT,6.0,20,0,5,25,LOW,NO_KNOWN_CHANGE,No legitimate context recorded,0.0,0,25,25,LOW,6 anomalous events detected | Gradual behavioral change detected | No known legitimate context recorded
U0860,4.466666666666667,5.6,3.6,0.8059701492537313,-0.0367803837953091,NORMAL,4.0,10,0,0,10,LOW,NO_KNOWN_CHANGE,No legitimate context recorded,0.0,0,10,10,LOW,4 anomalous event(s) detected | No known legitimate context recorded
U0861,5.466666666666667,6.0,5.4,0.9878048780487804,-0.0176393728222996,NORMAL,4.0,10,0,0,10,LOW,NO_KNOWN_CHANGE,No legitimate context recorded,0.0,0,10,10,LOW,4 anomalous event(s) detected | No known legitimate context recorded
U0862,5.733333333333333,7.4,7.0,1.2209302325581397,-0.0193106312292358,NORMAL,3.0,10,0,0,10,LOW,NO_KNOWN_CHANGE,No legitimate context recorded,0.0,0,10,10,LOW,3 anomalous event(s) detected | No known legitimate context recorded
U0863,6.2,5.2,5.2,0.8387096774193549,0.0063364055299539,NORMAL,2.0,10,0,5,15,LOW,NO_KNOWN_CHANGE,No legitimate context recorded,0.0,0,15,15,LOW,2 anomalous event(s) detected | Gradual behavioral change detected | No known legitimate context recorded
U0864,6.266666666666667,5.2,2.2,0.351063829787234,-0.0547112462006078,NORMAL,9.0,30,0,0,30,LOW,NO_KNOWN_CHANGE,No legitimate context recorded,0.0,0,30,30,LOW,9 anomalous events detected | No known legitimate context recorded
U0865,5.4,4.6,4.2,0.7777777777777778,-0.0085978835978836,NORMAL,10.0,30,0,0,30,LOW,NO_KNOWN_CHANGE,No legitimate context recorded,0.0,0,30,30,LOW,10 anomalous events detected | No known legitimate context recorded
U0866,5.266666666666667,6.4,6.0,1.139240506329114,-0.0061030741410487,NORMAL,3.0,10,0,0,10,LOW,NO_KNOWN_CHANGE,No legitimate context recorded,0.0,0,10,10,LOW,3 anomalous event(s) detected | No known legitimate context recorded
U0867,5.733333333333333,5.4,5.0,0.872093023255814,0.0037375415282391,NORMAL,0.0,0,0,5,5,LOW,NO_KNOWN_CHANGE,No legitimate context recorded,0.0,0,5,5,LOW,Gradual behavioral change detected | No known legitimate context recorded
U0868,6.466666666666667,5.8,7.0,1.0824742268041236,0.0016568483063328,NORMAL,4.0,10,0,5,15,LOW,NO_KNOWN_CHANGE,No legitimate context recorded,0.0,0,15,15,LOW,4 anomalous event(s) detected | Gradual behavioral change detected | No known legitimate context recorded
U0869,5.8,4.6,3.4,0.5862068965517241,-0.0116995073891624,NORMAL,7.0,20,0,0,20,LOW,NO_KNOWN_CHANGE,No legitimate context recorded,0.0,0,20,20,LOW,7 anomalous events detected | No known legitimate context recorded
U0870,6.0,8.2,4.6,0.7666666666666666,-0.0488095238095237,NORMAL,7.0,20,0,0,20,LOW,NO_KNOWN_CHANGE,No legitimate context recorded,0.0,0,20,20,LOW,7 anomalous events detected | No known legitimate context recorded
U0871,5.4,4.0,5.0,0.9259259259259258,0.003968253968254,NORMAL,5.0,20,0,5,25,LOW,NO_KNOWN_CHANGE,No legitimate context recorded,0.0,0,25,25,LOW,5 anomalous events detected | Gradual behavioral change detected | No known legitimate context recorded
U0872,5.8,4.0,5.2,0.896551724137931,0.0178571428571429,LOW SHIFT,6.0,20,0,5,25,LOW,NO_KNOWN_CHANGE,No legitimate context recorded,0.0,0,25,25,LOW,6 anomalous events detected | Gradual behavioral change detected | No known legitimate context recorded
U0873,5.8,7.4,6.0,1.0344827586206895,-0.0116995073891625,NORMAL,2.0,10,0,0,10,LOW,NO_KNOWN_CHANGE,No legitimate context recorded,0.0,0,10,10,LOW,2 anomalous event(s) detected | No known legitimate context recorded
U0874,5.666666666666667,5.2,7.6,1.3411764705882352,0.0100840336134453,LOW SHIFT,8.0,30,0,5,35,LOW,NO_KNOWN_CHANGE,No legitimate context recorded,0.0,0,35,35,LOW,8 anomalous events detected | Gradual behavioral change detected | No known legitimate context recorded
U0875,7.0,6.0,7.0,1.0,0.0102040816326531,LOW SHIFT,4.0,10,0,5,15,LOW,NO_KNOWN_CHANGE,No legitimate context recorded,0.0,0,15,15,LOW,4 anomalous event(s) detected | Gradual behavioral change detected | No known legitimate context recorded
U0876,4.8,5.0,5.0,1.0416666666666667,-0.015625,NORMAL,4.0,10,0,0,10,LOW,NO_KNOWN_CHANGE,No legitimate context recorded,0.0,0,10,10,LOW,4 anomalous event(s) detected | No known legitimate context recorded
U0877,4.866666666666666,5.8,5.6,1.1506849315068493,-0.0264187866927592,NORMAL,1.0,0,0,0,0,LOW,NO_KNOWN_CHANGE,No legitimate context recorded,0.0,0,0,0,LOW,1 anomalous event(s) detected | No known legitimate context recorded
U0878,4.666666666666667,4.6,5.6,1.2,0.0168367346938775,LOW SHIFT,1.0,0,0,5,5,LOW,NO_KNOWN_CHANGE,No legitimate context recorded,0.0,0,5,5,LOW,1 anomalous event(s) detected | Gradual behavioral change detected | No known legitimate context recorded
U0879,5.266666666666667,3.4,5.8,1.10126582278481,0.0461121157323688,LOW SHIFT,3.0,10,0,5,15,LOW,NO_KNOWN_CHANGE,No legitimate context recorded,0.0,0,15,15,LOW,3 anomalous event(s) detected | Gradual behavioral change detected | No known legitimate context recorded
U0880,5.533333333333333,4.2,8.0,1.4457831325301205,0.0664802065404474,LOW SHIFT,5.0,20,0,5,25,LOW,NO_KNOWN_CHANGE,No legitimate context recorded,0.0,0,25,25,LOW,5 anomalous events detected | Gradual behavioral change detected | No known legitimate context recorded
U0881,5.933333333333334,4.4,5.2,0.8764044943820225,0.006621187800963,NORMAL,3.0,10,0,5,15,LOW,NO_KNOWN_CHANGE,No legitimate context recorded,0.0,0,15,15,LOW,3 anomalous event(s) detected | Gradual behavioral change detected | No known legitimate context recorded
U0882,5.8,4.8,5.6,0.9655172413793104,0.0209359605911329,LOW SHIFT,4.0,10,0,5,15,LOW,NO_KNOWN_CHANGE,No legitimate context recorded,0.0,0,15,15,LOW,4 anomalous event(s) detected | Gradual behavioral change detected | No known legitimate context recorded
U0883,7.466666666666667,7.4,5.6,0.7499999999999999,-0.0124362244897959,NORMAL,8.0,30,0,0,30,LOW,NO_KNOWN_CHANGE,No legitimate context recorded,0.0,0,30,30,LOW,8 anomalous events detected | No known legitimate context recorded
U0884,5.333333333333333,4.6,5.4,1.0125000000000002,0.0107142857142858,LOW SHIFT,3.0,10,0,5,15,LOW,NO_KNOWN_CHANGE,No legitimate context recorded,0.0,0,15,15,LOW,3 anomalous event(s) detected | Gradual behavioral change detected | No known legitimate context recorded
U0885,6.333333333333333,5.2,6.4,1.0105263157894735,0.0203007518796992,LOW SHIFT,7.0,20,0,5,25,LOW,NO_KNOWN_CHANGE,No legitimate context recorded,0.0,0,25,25,LOW,7 anomalous events detected | Gradual behavioral change detected | No known legitimate context recorded
U0886,5.2,4.8,5.4,1.0384615384615383,0.0123626373626373,LOW SHIFT,5.0,20,0,5,25,LOW,NO_KNOWN_CHANGE,No legitimate context recorded,0.0,0,25,25,LOW,5 anomalous events detected | Gradual behavioral change detected | No known legitimate context recorded
U0887,6.466666666666667,3.8,7.4,1.1443298969072164,0.0408689248895434,LOW SHIFT,4.0,10,0,5,15,LOW,NO_KNOWN_CHANGE,No legitimate context recorded,0.0,0,15,15,LOW,4 anomalous event(s) detected | Gradual behavioral change detected | No known legitimate context recorded
U0888,6.133333333333334,4.4,5.8,0.9456521739130432,0.0349378881987577,LOW SHIFT,3.0,10,0,5,15,LOW,NO_KNOWN_CHANGE,No legitimate context recorded,0.0,0,15,15,LOW,3 anomalous event(s) detected | Gradual behavioral change detected | No known legitimate context recorded
U0889,6.133333333333334,5.0,5.4,0.8804347826086957,-0.015139751552795,NORMAL,5.0,20,0,0,20,LOW,NO_KNOWN_CHANGE,No legitimate context recorded,0.0,0,20,20,LOW,5 anomalous events detected | No known legitimate context recorded
U0890,5.133333333333334,5.4,5.2,1.0129870129870129,0.0041743970315399,NORMAL,2.0,10,0,5,15,LOW,NO_KNOWN_CHANGE,No legitimate context recorded,0.0,0,15,15,LOW,2 anomalous event(s) detected | Gradual behavioral change detected | No known legitimate context recorded
U0891,5.333333333333333,3.2,3.0,0.5625,-0.0261160714285714,NORMAL,4.0,10,0,0,10,LOW,NO_KNOWN_CHANGE,No legitimate context recorded,0.0,0,10,10,LOW,4 anomalous event(s) detected | No known legitimate context recorded
U0892,5.533333333333333,3.6,8.0,1.4457831325301205,0.0780981067125645,LOW SHIFT,6.0,20,0,5,25,LOW,NO_KNOWN_CHANGE,No legitimate context recorded,0.0,0,25,25,LOW,6 anomalous events detected | Gradual behavioral change detected | No known legitimate context recorded
U0893,4.2,6.4,7.0,1.6666666666666663,-0.0051020408163264,LOW SHIFT,7.0,20,10,0,30,LOW,NO_KNOWN_CHANGE,No legitimate context recorded,0.0,0,30,30,LOW,7 anomalous events detected | No known legitimate context recorded
U0894,6.133333333333334,7.6,5.2,0.8478260869565217,-0.0285326086956521,NORMAL,4.0,10,0,0,10,LOW,NO_KNOWN_CHANGE,No legitimate context recorded,0.0,0,10,10,LOW,4 anomalous event(s) detected | No known legitimate context recorded
U0895,5.733333333333333,7.2,6.6,1.1511627906976742,-0.0161960132890365,NORMAL,4.0,10,0,0,10,LOW,NO_KNOWN_CHANGE,No legitimate context recorded,0.0,0,10,10,LOW,4 anomalous event(s) detected | No known legitimate context recorded
U0896,6.533333333333333,5.4,4.4,0.6734693877551021,-0.0191326530612244,NORMAL,4.0,10,0,0,10,LOW,NO_KNOWN_CHANGE,No legitimate context recorded,0.0,0,10,10,LOW,4 anomalous event(s) detected | No known legitimate context recorded
U0897,5.466666666666667,3.8,5.4,0.9878048780487804,0.0287456445993032,LOW SHIFT,4.0,10,0,5,15,LOW,NO_KNOWN_CHANGE,No legitimate context recorded,0.0,0,15,15,LOW,4 anomalous event(s) detected | Gradual behavioral change detected | No known legitimate context recorded
U0898,6.066666666666666,5.8,1.8,0.2967032967032967,-0.0494505494505494,NORMAL,12.0,30,0,0,30,LOW,NO_KNOWN_CHANGE,No legitimate context recorded,0.0,0,30,30,LOW,12 anomalous events detected | No known legitimate context recorded
U0899,5.533333333333333,5.0,5.6,1.0120481927710845,0.0045180722891565,NORMAL,4.0,10,0,5,15,LOW,NO_KNOWN_CHANGE,No legitimate context recorded,0.0,0,15,15,LOW,4 anomalous event(s) detected | Gradual behavioral change detected | No known legitimate context recorded
U0900,4.333333333333333,7.0,2.8,0.6461538461538462,-0.078296703296703,NORMAL,5.0,20,0,0,20,LOW,NO_KNOWN_CHANGE,No legitimate context recorded,0.0,0,20,20,LOW,5 anomalous events detected | No known legitimate context recorded
U0901,6.466666666666667,4.8,4.6,0.7113402061855669,0.0171207658321061,LOW SHIFT,5.0,20,0,5,25,LOW,NO_KNOWN_CHANGE,No legitimate context recorded,0.0,0,25,25,LOW,5 anomalous events detected | Gradual behavioral change detected | No known legitimate context recorded
U0902,5.466666666666667,3.0,5.4,0.9878048780487804,0.0261324041811846,LOW SHIFT,3.0,10,0,5,15,LOW,NO_KNOWN_CHANGE,No legitimate context recorded,0.0,0,15,15,LOW,3 anomalous event(s) detected | Gradual behavioral change detected | No known legitimate context recorded
U0903,6.533333333333333,5.4,7.4,1.1326530612244898,0.0092930029154518,NORMAL,3.0,10,0,5,15,LOW,NO_KNOWN_CHANGE,No legitimate context recorded,0.0,0,15,15,LOW,3 anomalous event(s) detected | Gradual behavioral change detected | No known legitimate context recorded
U0904,6.0,7.0,5.2,0.8666666666666667,-0.0124999999999998,NORMAL,4.0,10,0,0,10,LOW,NO_KNOWN_CHANGE,No legitimate context recorded,0.0,0,10,10,LOW,4 anomalous event(s) detected | No known legitimate context recorded
U0905,5.6,4.6,3.8,0.6785714285714286,-0.0223214285714285,NORMAL,9.0,30,0,0,30,LOW,NO_KNOWN_CHANGE,No legitimate context recorded,0.0,0,30,30,LOW,9 anomalous events detected | No known legitimate context recorded
U0906,6.333333333333333,4.0,5.2,0.8210526315789475,0.0174812030075187,LOW SHIFT,6.0,20,0,5,25,LOW,NO_KNOWN_CHANGE,No legitimate context recorded,0.0,0,25,25,LOW,6 anomalous events detected | Gradual behavioral change detected | No known legitimate context recorded
U0907,5.933333333333334,4.8,5.6,0.943820224719101,0.0126404494382022,LOW SHIFT,8.0,30,0,5,35,LOW,NO_KNOWN_CHANGE,No legitimate context recorded,0.0,0,35,35,LOW,8 anomalous events detected | Gradual behavioral change detected | No known legitimate context recorded
U0908,6.266666666666667,7.0,3.8,0.6063829787234042,-0.0530015197568388,NORMAL,7.0,20,0,0,20,LOW,NO_KNOWN_CHANGE,No legitimate context recorded,0.0,0,20,20,LOW,7 anomalous events detected | No known legitimate context recorded
U0909,5.4,5.4,7.2,1.3333333333333333,0.0185185185185184,LOW SHIFT,7.0,20,0,5,25,LOW,NO_KNOWN_CHANGE,No legitimate context recorded,0.0,0,25,25,LOW,7 anomalous events detected | Gradual behavioral change detected | No known legitimate context recorded
U0910,5.466666666666667,5.4,4.4,0.8048780487804879,-0.0235191637630662,NORMAL,4.0,10,0,0,10,LOW,NO_KNOWN_CHANGE,No legitimate context recorded,0.0,0,10,10,LOW,4 anomalous event(s) detected | No known legitimate context recorded
U0911,6.2,5.0,6.4,1.032258064516129,0.0195852534562212,LOW SHIFT,3.0,10,0,5,15,LOW,NO_KNOWN_CHANGE,No legitimate context recorded,0.0,0,15,15,LOW,3 anomalous event(s) detected | Gradual behavioral change detected | No known legitimate context recorded
U0912,4.4,5.0,5.4,1.2272727272727273,-0.0024350649350648,NORMAL,7.0,20,0,0,20,LOW,NO_KNOWN_CHANGE,No legitimate context recorded,0.0,0,20,20,LOW,7 anomalous events detected | No known legitimate context recorded
U0913,4.266666666666667,6.2,6.6,1.546875,-0.0192522321428571,LOW SHIFT,5.0,20,10,0,30,LOW,NO_KNOWN_CHANGE,No legitimate context recorded,0.0,0,30,30,LOW,5 anomalous events detected | No known legitimate context recorded
U0914,5.0,4.4,6.4,1.28,0.027142857142857,LOW SHIFT,3.0,10,0,5,15,LOW,NO_KNOWN_CHANGE,No legitimate context recorded,0.0,0,15,15,LOW,3 anomalous event(s) detected | Gradual behavioral change detected | No known legitimate context recorded
U0915,5.933333333333334,6.6,4.4,0.7415730337078652,-0.0409309791332263,NORMAL,2.0,10,0,0,10,LOW,NO_KNOWN_CHANGE,No legitimate context recorded,0.0,0,10,10,LOW,2 anomalous event(s) detected | No known legitimate context recorded
U0916,4.666666666666667,5.0,6.8,1.457142857142857,0.0214285714285714,LOW SHIFT,6.0,20,0,5,25,LOW,NO_KNOWN_CHANGE,No legitimate context recorded,0.0,0,25,25,LOW,6 anomalous events detected | Gradual behavioral change detected | No known legitimate context recorded
U0917,4.866666666666666,5.4,6.8,1.3972602739726028,0.0139432485322895,LOW SHIFT,6.0,20,0,5,25,LOW,NO_KNOWN_CHANGE,No legitimate context recorded,0.0,0,25,25,LOW,6 anomalous events detected | Gradual behavioral change detected | No known legitimate context recorded
U0918,6.6,5.8,6.4,0.9696969696969698,0.0021645021645021,NORMAL,6.0,20,0,5,25,LOW,NO_KNOWN_CHANGE,No legitimate context recorded,0.0,0,25,25,LOW,6 anomalous events detected | Gradual behavioral change detected | No known legitimate context recorded
U0919,6.0,4.6,7.4,1.2333333333333334,0.0488095238095237,LOW SHIFT,1.0,0,0,5,5,LOW,NO_KNOWN_CHANGE,No legitimate context recorded,0.0,0,5,5,LOW,1 anomalous event(s) detected | Gradual behavioral change detected | No known legitimate context recorded
U0920,5.333333333333333,5.0,7.0,1.3125,0.0381696428571428,LOW SHIFT,5.0,20,0,5,25,LOW,NO_KNOWN_CHANGE,No legitimate context recorded,0.0,0,25,25,LOW,5 anomalous events detected | Gradual behavioral change detected | No known legitimate context recorded
U0921,5.133333333333334,5.0,6.8,1.3246753246753245,0.0173933209647495,LOW SHIFT,4.0,10,0,5,15,LOW,NO_KNOWN_CHANGE,No legitimate context recorded,0.0,0,15,15,LOW,4 anomalous event(s) detected | Gradual behavioral change detected | No known legitimate context recorded
U0922,5.4,4.4,2.0,0.3703703703703703,-0.0337301587301586,NORMAL,3.0,10,0,0,10,LOW,NO_KNOWN_CHANGE,No legitimate context recorded,0.0,0,10,10,LOW,3 anomalous event(s) detected | No known legitimate context recorded
U0923,5.8,6.0,4.8,0.8275862068965517,-0.0190886699507388,NORMAL,7.0,20,0,0,20,LOW,NO_KNOWN_CHANGE,No legitimate context recorded,0.0,0,20,20,LOW,7 anomalous events detected | No known legitimate context recorded
U0924,5.2,6.2,3.2,0.6153846153846154,-0.0418956043956043,NORMAL,2.0,10,0,0,10,LOW,NO_KNOWN_CHANGE,No legitimate context recorded,0.0,0,10,10,LOW,2 anomalous event(s) detected | No known legitimate context recorded
U0925,5.733333333333333,5.6,6.2,1.0813953488372092,0.0205564784053156,LOW SHIFT,9.0,30,0,5,35,LOW,NO_KNOWN_CHANGE,No legitimate context recorded,0.0,0,35,35,LOW,9 anomalous events detected | Gradual behavioral change detected | No known legitimate context recorded
U0926,7.6,5.8,7.0,0.9210526315789476,0.0169172932330827,LOW SHIFT,6.0,20,0,5,25,LOW,NO_KNOWN_CHANGE,No legitimate context recorded,0.0,0,25,25,LOW,6 anomalous events detected | Gradual behavioral change detected | No known legitimate context recorded
U0927,5.933333333333334,4.2,4.4,0.7415730337078652,-0.0036115569823434,NORMAL,4.0,10,0,0,10,LOW,NO_KNOWN_CHANGE,No legitimate context recorded,0.0,0,10,10,LOW,4 anomalous event(s) detected | No known legitimate context recorded
U0928,5.733333333333333,5.2,6.6,1.1511627906976742,0.0180647840531561,LOW SHIFT,9.0,30,0,5,35,LOW,NO_KNOWN_CHANGE,No legitimate context recorded,0.0,0,35,35,LOW,9 anomalous events detected | Gradual behavioral change detected | No known legitimate context recorded
U0929,6.066666666666666,6.6,5.4,0.8901098901098902,-0.0170722135007849,NORMAL,4.0,10,0,0,10,LOW,NO_KNOWN_CHANGE,No legitimate context recorded,0.0,0,10,10,LOW,4 anomalous event(s) detected | No known legitimate context recorded
U0930,6.2,7.4,2.2,0.3548387096774194,-0.0783410138248846,NORMAL,7.0,20,0,0,20,LOW,NO_KNOWN_CHANGE,No legitimate context recorded,0.0,0,20,20,LOW,7 anomalous events detected | No known legitimate context recorded
U0931,5.4,7.2,5.6,1.037037037037037,-0.0205026455026454,NORMAL,5.0,20,0,0,20,LOW,NO_KNOWN_CHANGE,No legitimate context recorded,0.0,0,20,20,LOW,5 anomalous events detected | No known legitimate context recorded
U0932,5.533333333333333,5.6,4.6,0.8313253012048192,-0.023235800344234,NORMAL,5.0,20,0,0,20,LOW,NO_KNOWN_CHANGE,No legitimate context recorded,0.0,0,20,20,LOW,5 anomalous events detected | No known legitimate context recorded
U0933,6.266666666666667,5.2,4.4,0.7021276595744681,-0.0017097264437689,NORMAL,6.0,20,0,0,20,LOW,NO_KNOWN_CHANGE,No legitimate context recorded,0.0,0,20,20,LOW,6 anomalous events detected | No known legitimate context recorded
U0934,5.466666666666667,7.0,5.8,1.0609756097560976,-0.0111062717770033,NORMAL,6.0,20,0,0,20,LOW,NO_KNOWN_CHANGE,No legitimate context recorded,0.0,0,20,20,LOW,6 anomalous events detected | No known legitimate context recorded
U0935,5.133333333333334,5.4,2.8,0.5454545454545454,-0.0410482374768088,NORMAL,3.0,10,0,0,10,LOW,NO_KNOWN_CHANGE,No legitimate context recorded,0.0,0,10,10,LOW,3 anomalous event(s) detected | No known legitimate context recorded
U0936,6.133333333333334,7.2,6.4,1.0434782608695652,-0.0058229813664595,NORMAL,7.0,20,0,0,20,LOW,NO_KNOWN_CHANGE,No legitimate context recorded,0.0,0,20,20,LOW,7 anomalous events detected | No known legitimate context recorded
U0937,4.533333333333333,5.8,5.4,1.1911764705882355,0.0015756302521009,NORMAL,7.0,20,0,5,25,LOW,NO_KNOWN_CHANGE,No legitimate context recorded,0.0,0,25,25,LOW,7 anomalous events detected | Gradual behavioral change detected | No known legitimate context recorded
U0938,4.2,7.0,6.4,1.5238095238095235,-0.0255102040816327,LOW SHIFT,3.0,10,10,0,20,LOW,NO_KNOWN_CHANGE,No legitimate context recorded,0.0,0,20,20,LOW,3 anomalous event(s) detected | No known legitimate context recorded
U0939,5.533333333333333,7.6,5.4,0.9759036144578314,-0.0135542168674698,NORMAL,7.0,20,0,0,20,LOW,NO_KNOWN_CHANGE,No legitimate context recorded,0.0,0,20,20,LOW,7 anomalous events detected | No known legitimate context recorded
U0940,5.6,4.8,5.0,0.8928571428571429,0.0063775510204082,NORMAL,1.0,0,0,5,5,LOW,NO_KNOWN_CHANGE,No legitimate context recorded,0.0,0,5,5,LOW,1 anomalous event(s) detected | Gradual behavioral change detected | No known legitimate context recorded
U0941,4.2,4.8,5.6,1.3333333333333333,0.0306122448979591,LOW SHIFT,7.0,20,0,5,25,LOW,NO_KNOWN_CHANGE,No legitimate context recorded,0.0,0,25,25,LOW,7 anomalous events detected | Gradual behavioral change detected | No known legitimate context recorded
U0942,5.6,7.4,6.6,1.1785714285714286,-0.0095663265306122,NORMAL,4.0,10,0,0,10,LOW,NO_KNOWN_CHANGE,No legitimate context recorded,0.0,0,10,10,LOW,4 anomalous event(s) detected | No known legitimate context recorded
U0943,6.2,5.0,4.8,0.7741935483870968,-0.01036866359447,NORMAL,3.0,10,0,0,10,LOW,NO_KNOWN_CHANGE,No legitimate context recorded,0.0,0,10,10,LOW,3 anomalous event(s) detected | No known legitimate context recorded
U0944,6.8,8.6,3.4,0.5,-0.0640756302521008,NORMAL,4.0,10,0,0,10,LOW,NO_KNOWN_CHANGE,No legitimate context recorded,0.0,0,10,10,LOW,4 anomalous event(s) detected | No known legitimate context recorded
U0945,5.466666666666667,4.4,7.8,1.4268292682926829,0.0574912891986061,LOW SHIFT,6.0,20,0,5,25,LOW,NO_KNOWN_CHANGE,No legitimate context recorded,0.0,0,25,25,LOW,6 anomalous events detected | Gradual behavioral change detected | No known legitimate context recorded
U0946,5.066666666666666,4.6,4.4,0.8684210526315791,0.000704887218045,NORMAL,5.0,20,0,5,25,LOW,NO_KNOWN_CHANGE,No legitimate context recorded,0.0,0,25,25,LOW,5 anomalous events detected | Gradual behavioral change detected | No known legitimate context recorded
U0947,5.6,5.0,5.4,0.9642857142857144,-0.0038265306122449,NORMAL,2.0,10,0,0,10,LOW,NO_KNOWN_CHANGE,No legitimate context recorded,0.0,0,10,10,LOW,2 anomalous event(s) detected | No known legitimate context recorded
U0948,5.533333333333333,7.6,4.6,0.8313253012048192,-0.0413080895008604,NORMAL,9.0,30,0,0,30,LOW,NO_KNOWN_CHANGE,No legitimate context recorded,0.0,0,30,30,LOW,9 anomalous events detected | No known legitimate context recorded
U0949,7.133333333333334,5.8,2.8,0.3925233644859812,-0.0400534045393857,NORMAL,5.0,20,0,0,20,LOW,NO_KNOWN_CHANGE,No legitimate context recorded,0.0,0,20,20,LOW,5 anomalous events detected | No known legitimate context recorded
U0950,5.4,5.6,5.0,0.9259259259259258,-0.0092592592592591,NORMAL,8.0,30,0,0,30,LOW,NO_KNOWN_CHANGE,No legitimate context recorded,0.0,0,30,30,LOW,8 anomalous events detected | No known legitimate context recorded
U0951,4.533333333333333,4.6,7.0,1.5441176470588236,0.048844537815126,LOW SHIFT,2.0,10,10,5,25,LOW,NO_KNOWN_CHANGE,No legitimate context recorded,0.0,0,25,25,LOW,2 anomalous event(s) detected | Gradual behavioral change detected | No known legitimate context recorded
U0952,6.0,4.2,7.4,1.2333333333333334,0.0535714285714285,LOW SHIFT,5.0,20,0,5,25,LOW,NO_KNOWN_CHANGE,No legitimate context recorded,0.0,0,25,25,LOW,5 anomalous events detected | Gradual behavioral change detected | No known legitimate context recorded
U0953,5.266666666666667,3.8,6.6,1.2531645569620251,0.049502712477396,LOW SHIFT,2.0,10,0,5,15,LOW,NO_KNOWN_CHANGE,No legitimate context recorded,0.0,0,15,15,LOW,2 anomalous event(s) detected | Gradual behavioral change detected | No known legitimate context recorded
U0954,6.8,4.6,7.4,1.0882352941176472,0.0336134453781512,LOW SHIFT,12.0,30,0,5,35,LOW,NO_KNOWN_CHANGE,No legitimate context recorded,0.0,0,35,35,LOW,12 anomalous events detected | Gradual behavioral change detected | No known legitimate context recorded
U0955,5.933333333333334,6.2,7.0,1.1797752808988764,0.0120385232744783,LOW SHIFT,2.0,10,0,5,15,LOW,NO_KNOWN_CHANGE,No legitimate context recorded,0.0,0,15,15,LOW,2 anomalous event(s) detected | Gradual behavioral change detected | No known legitimate context recorded
U0956,5.6,5.2,4.6,0.8214285714285714,-0.0089285714285713,NORMAL,4.0,10,0,0,10,LOW,NO_KNOWN_CHANGE,No legitimate context recorded,0.0,0,10,10,LOW,4 anomalous event(s) detected | No known legitimate context recorded
U0957,5.6,3.6,4.0,0.7142857142857143,0.0204081632653061,LOW SHIFT,9.0,30,0,5,35,LOW,NO_KNOWN_CHANGE,No legitimate context recorded,0.0,0,35,35,LOW,9 anomalous events detected | Gradual behavioral change detected | No known legitimate context recorded
U0958,4.2,5.0,4.6,1.0952380952380951,-0.0187074829931972,NORMAL,2.0,10,0,0,10,LOW,NO_KNOWN_CHANGE,No legitimate context recorded,0.0,0,10,10,LOW,2 anomalous event(s) detected | No known legitimate context recorded
U0959,5.266666666666667,5.6,5.6,1.0632911392405062,-0.0081374321880651,NORMAL,4.0,10,0,0,10,LOW,NO_KNOWN_CHANGE,No legitimate context recorded,0.0,0,10,10,LOW,4 anomalous event(s) detected | No known legitimate context recorded
U0960,5.466666666666667,6.8,4.4,0.8048780487804879,-0.0542247386759581,NORMAL,5.0,20,0,0,20,LOW,NO_KNOWN_CHANGE,No legitimate context recorded,0.0,0,20,20,LOW,5 anomalous events detected | No known legitimate context recorded
U0961,6.333333333333333,7.2,5.8,0.9157894736842104,-0.0214285714285713,NORMAL,2.0,10,0,0,10,LOW,NO_KNOWN_CHANGE,No legitimate context recorded,0.0,0,10,10,LOW,2 anomalous event(s) detected | No known legitimate context recorded
U0962,4.466666666666667,7.6,6.4,1.4328358208955223,-0.0375799573560767,LOW SHIFT,7.0,20,0,0,20,LOW,NO_KNOWN_CHANGE,No legitimate context recorded,0.0,0,20,20,LOW,7 anomalous events detected | No known legitimate context recorded
U0963,7.133333333333334,7.4,5.6,0.7850467289719625,-0.0260347129506007,NORMAL,7.0,20,0,0,20,LOW,NO_KNOWN_CHANGE,No legitimate context recorded,0.0,0,20,20,LOW,7 anomalous events detected | No known legitimate context recorded
U0964,5.4,5.2,5.2,0.9629629629629628,-0.0138888888888888,NORMAL,2.0,10,0,0,10,LOW,NO_KNOWN_CHANGE,No legitimate context recorded,0.0,0,10,10,LOW,2 anomalous event(s) detected | No known legitimate context recorded
U0965,6.266666666666667,3.0,5.6,0.8936170212765957,0.0524316109422492,LOW SHIFT,7.0,20,0,5,25,LOW,NO_KNOWN_CHANGE,No legitimate context recorded,0.0,0,25,25,LOW,7 anomalous events detected | Gradual behavioral change detected | No known legitimate context recorded
U0966,6.333333333333333,4.0,5.6,0.8842105263157894,0.0112781954887218,LOW SHIFT,3.0,10,0,5,15,LOW,NO_KNOWN_CHANGE,No legitimate context recorded,0.0,0,15,15,LOW,3 anomalous event(s) detected | Gradual behavioral change detected | No known legitimate context recorded
U0967,5.2,4.0,4.6,0.8846153846153845,0.007554945054945,NORMAL,4.0,10,0,5,15,LOW,NO_KNOWN_CHANGE,No legitimate context recorded,0.0,0,15,15,LOW,4 anomalous event(s) detected | Gradual behavioral change detected | No known legitimate context recorded
U0968,6.333333333333333,3.4,6.2,0.9789473684210528,0.0451127819548871,LOW SHIFT,8.0,30,0,5,35,LOW,NO_KNOWN_CHANGE,No legitimate context recorded,0.0,0,35,35,LOW,8 anomalous events detected | Gradual behavioral change detected | No known legitimate context recorded
U0969,5.466666666666667,6.6,5.8,1.0609756097560976,-0.0104529616724738,NORMAL,2.0,10,0,0,10,LOW,NO_KNOWN_CHANGE,No legitimate context recorded,0.0,0,10,10,LOW,2 anomalous event(s) detected | No known legitimate context recorded
U0970,5.333333333333333,5.0,7.4,1.3875000000000002,0.0388392857142856,LOW SHIFT,5.0,20,0,5,25,LOW,NO_KNOWN_CHANGE,No legitimate context recorded,0.0,0,25,25,LOW,5 anomalous events detected | Gradual behavioral change detected | No known legitimate context recorded
U0971,4.333333333333333,6.8,6.2,1.430769230769231,-0.0486263736263737,LOW SHIFT,8.0,30,0,0,30,LOW,NO_KNOWN_CHANGE,No legitimate context recorded,0.0,0,30,30,LOW,8 anomalous events detected | No known legitimate context recorded
U0972,6.866666666666666,5.8,5.6,0.8155339805825242,-0.0166435506241332,NORMAL,9.0,30,0,0,30,LOW,NO_KNOWN_CHANGE,No legitimate context recorded,0.0,0,30,30,LOW,9 anomalous events detected | No known legitimate context recorded
U0973,6.666666666666667,5.8,4.8,0.72,-0.0053571428571428,NORMAL,9.0,30,0,0,30,LOW,NO_KNOWN_CHANGE,No legitimate context recorded,0.0,0,30,30,LOW,9 anomalous events detected | No known legitimate context recorded
U0974,5.533333333333333,6.0,5.6,1.0120481927710845,-0.0206540447504302,NORMAL,1.0,0,0,0,0,LOW,NO_KNOWN_CHANGE,No legitimate context recorded,0.0,0,0,0,LOW,1 anomalous event(s) detected | No known legitimate context recorded
U0975,4.266666666666667,5.2,5.4,1.265625,0.0058593749999999,NORMAL,9.0,30,0,5,35,LOW,NO_KNOWN_CHANGE,No legitimate context recorded,0.0,0,35,35,LOW,9 anomalous events detected | Gradual behavioral change detected | No known legitimate context recorded
U0976,5.733333333333333,3.2,6.2,1.0813953488372092,0.0473421926910298,LOW SHIFT,10.0,30,0,5,35,LOW,NO_KNOWN_CHANGE,No legitimate context recorded,0.0,0,35,35,LOW,10 anomalous events detected | Gradual behavioral change detected | No known legitimate context recorded
U0977,5.933333333333334,4.4,5.2,0.8764044943820225,0.013242375601926,LOW SHIFT,3.0,10,0,5,15,LOW,NO_KNOWN_CHANGE,No legitimate context recorded,0.0,0,15,15,LOW,3 anomalous event(s) detected | Gradual behavioral change detected | No known legitimate context recorded
U0978,4.8,3.8,4.8,1.0,-0.0029761904761904,NORMAL,6.0,20,0,0,20,LOW,NO_KNOWN_CHANGE,No legitimate context recorded,0.0,0,20,20,LOW,6 anomalous events detected | No known legitimate context recorded
U0979,6.6,4.8,4.0,0.6060606060606061,-0.0124458874458875,NORMAL,4.0,10,0,0,10,LOW,NO_KNOWN_CHANGE,No legitimate context recorded,0.0,0,10,10,LOW,4 anomalous event(s) detected | No known legitimate context recorded
U0980,4.6,2.8,3.0,0.6521739130434783,0.000776397515528,NORMAL,8.0,30,0,5,35,LOW,NO_KNOWN_CHANGE,No legitimate context recorded,0.0,0,35,35,LOW,8 anomalous events detected | Gradual behavioral change detected | No known legitimate context recorded
U0981,3.733333333333333,4.8,3.2,0.8571428571428572,-0.0459183673469388,NORMAL,7.0,20,0,0,20,LOW,NO_KNOWN_CHANGE,No legitimate context recorded,0.0,0,20,20,LOW,7 anomalous events detected | No known legitimate context recorded
U0982,5.933333333333334,3.2,5.2,0.8764044943820225,0.0162520064205457,LOW SHIFT,5.0,20,0,5,25,LOW,NO_KNOWN_CHANGE,No legitimate context recorded,0.0,0,25,25,LOW,5 anomalous events detected | Gradual behavioral change detected | No known legitimate context recorded
U0983,5.6,5.8,4.2,0.7500000000000001,-0.0184948979591835,NORMAL,2.0,10,0,0,10,LOW,NO_KNOWN_CHANGE,No legitimate context recorded,0.0,0,10,10,LOW,2 anomalous event(s) detected | No known legitimate context recorded
U0984,5.533333333333333,5.6,5.4,0.9759036144578314,0.0187177280550775,LOW SHIFT,3.0,10,0,5,15,LOW,NO_KNOWN_CHANGE,No legitimate context recorded,0.0,0,15,15,LOW,3 anomalous event(s) detected | Gradual behavioral change detected | No known legitimate context recorded
U0985,5.666666666666667,3.2,4.4,0.7764705882352941,0.026470588235294,LOW SHIFT,6.0,20,0,5,25,LOW,NO_KNOWN_CHANGE,No legitimate context recorded,0.0,0,25,25,LOW,6 anomalous events detected | Gradual behavioral change detected | No known legitimate context recorded
U0986,6.6,6.6,7.2,1.090909090909091,-0.0027056277056277,NORMAL,5.0,20,0,0,20,LOW,NO_KNOWN_CHANGE,No legitimate context recorded,0.0,0,20,20,LOW,5 anomalous events detected | No known legitimate context recorded
U0987,6.4,5.4,5.6,0.8749999999999999,0.0005580357142857,NORMAL,6.0,20,0,5,25,LOW,NO_KNOWN_CHANGE,No legitimate context recorded,0.0,0,25,25,LOW,6 anomalous events detected | Gradual behavioral change detected | No known legitimate context recorded
U0988,5.533333333333333,4.6,4.6,0.8313253012048192,0.0193631669535284,LOW SHIFT,11.0,30,0,5,35,LOW,NO_KNOWN_CHANGE,No legitimate context recorded,0.0,0,35,35,LOW,11 anomalous events detected | Gradual behavioral change detected | No known legitimate context recorded
U0989,5.2,3.6,5.0,0.9615384615384616,0.0391483516483516,LOW SHIFT,4.0,10,0,5,15,LOW,NO_KNOWN_CHANGE,No legitimate context recorded,0.0,0,15,15,LOW,4 anomalous event(s) detected | Gradual behavioral change detected | No known legitimate context recorded
U0990,5.933333333333334,5.4,6.0,1.0112359550561798,0.0102327447833065,LOW SHIFT,6.0,20,0,5,25,LOW,NO_KNOWN_CHANGE,No legitimate context recorded,0.0,0,25,25,LOW,6 anomalous events detected | Gradual behavioral change detected | No known legitimate context recorded
U0991,5.733333333333333,4.2,4.8,0.8372093023255813,0.0193106312292358,LOW SHIFT,4.0,10,0,5,15,LOW,NO_KNOWN_CHANGE,No legitimate context recorded,0.0,0,15,15,LOW,4 anomalous event(s) detected | Gradual behavioral change detected | No known legitimate context recorded
U0992,5.6,4.0,5.0,0.8928571428571429,0.03125,LOW SHIFT,2.0,10,0,5,15,LOW,NO_KNOWN_CHANGE,No legitimate context recorded,0.0,0,15,15,LOW,2 anomalous event(s) detected | Gradual behavioral change detected | No known legitimate context recorded
U0993,6.266666666666667,6.2,4.8,0.7659574468085106,-0.008548632218845,NORMAL,7.0,20,0,0,20,LOW,NO_KNOWN_CHANGE,No legitimate context recorded,0.0,0,20,20,LOW,7 anomalous events detected | No known legitimate context recorded
U0994,5.4,5.4,4.4,0.8148148148148149,-0.0165343915343915,NORMAL,3.0,10,0,0,10,LOW,NO_KNOWN_CHANGE,No legitimate context recorded,0.0,0,10,10,LOW,3 anomalous event(s) detected | No known legitimate context recorded
U0995,5.266666666666667,2.8,3.4,0.6455696202531646,0.0203435804701627,LOW SHIFT,5.0,20,0,5,25,LOW,NO_KNOWN_CHANGE,No legitimate context recorded,0.0,0,25,25,LOW,5 anomalous events detected | Gradual behavioral change detected | No known legitimate context recorded
U0996,6.266666666666667,6.2,6.0,0.9574468085106383,-0.0039893617021276,NORMAL,5.0,20,0,0,20,LOW,NO_KNOWN_CHANGE,No legitimate context recorded,0.0,0,20,20,LOW,5 anomalous events detected | No known legitimate context recorded
U0997,5.666666666666667,5.2,4.2,0.7411764705882353,-0.0088235294117647,NORMAL,4.0,10,0,0,10,LOW,NO_KNOWN_CHANGE,No legitimate context recorded,0.0,0,10,10,LOW,4 anomalous event(s) detected | No known legitimate context recorded
U0998,5.8,3.6,4.4,0.7586206896551725,0.019704433497537,LOW SHIFT,7.0,20,0,5,25,LOW,NO_KNOWN_CHANGE,No legitimate context recorded,0.0,0,25,25,LOW,7 anomalous events detected | Gradual behavioral change detected | No known legitimate context recorded
U0999,7.066666666666666,7.0,5.6,0.7924528301886792,-0.0080862533692722,NORMAL,5.0,20,0,0,20,LOW,NO_KNOWN_CHANGE,No legitimate context recorded,0.0,0,20,20,LOW,5 anomalous events detected | No known legitimate context recorded
U1000,6.666666666666667,5.0,3.4,0.51,-0.0241071428571428,NORMAL,7.0,20,0,0,20,LOW,NO_KNOWN_CHANGE,No legitimate context recorded,0.0,0,20,20,LOW,7 anomalous events detected | No known legitimate context recorded
